category,keyword,location,state,google_map_search_query
Poissonneries,poissonnerie,Paris 15e,Paris,https://www.google.com/maps/search/poissonnerie+Paris+15e
Poissonneries,poissonnier,Paris 15e,Paris,https://www.google.com/maps/search/poissonnier+Paris+15e
Poissonneries,poissonnerie traiteur,Paris 15e,Paris,https://www.google.com/maps/search/poissonnerie+traiteur+Paris+15e
Poissonneries,poisson frais,Paris 15e,Paris,https://www.google.com/maps/search/poisson+frais+Paris+15e
Stations de lavage auto,station de lavage auto,Paris 15e,Paris,https://www.google.com/maps/search/station+de+lavage+auto+Paris+15e
Stations de lavage auto,lavage auto,Paris 15e,Paris,https://www.google.com/maps/search/lavage+auto+Paris+15e
Stations de lavage auto,lavage voiture,Paris 15e,Paris,https://www.google.com/maps/search/lavage+voiture+Paris+15e
Stations de lavage auto,car wash,Paris 15e,Paris,https://www.google.com/maps/search/car+wash+Paris+15e
Stations de lavage auto,lavage sans contact,Paris 15e,Paris,https://www.google.com/maps/search/lavage+sans+contact+Paris+15e
Spa,spa,Paris 15e,Paris,https://www.google.com/maps/search/spa+Paris+15e
Spa,spa bien-être,Paris 15e,Paris,https://www.google.com/maps/search/spa+bien-être+Paris+15e
Spa,spa hammam,Paris 15e,Paris,https://www.google.com/maps/search/spa+hammam+Paris+15e
Spa,spa massage,Paris 15e,Paris,https://www.google.com/maps/search/spa+massage+Paris+15e
Spa,spa sauna,Paris 15e,Paris,https://www.google.com/maps/search/spa+sauna+Paris+15e
Fleuristes,fleuriste,Paris 15e,Paris,https://www.google.com/maps/search/fleuriste+Paris+15e
Fleuristes,fleuriste livraison,Paris 15e,Paris,https://www.google.com/maps/search/fleuriste+livraison+Paris+15e
Fleuristes,atelier floral,Paris 15e,Paris,https://www.google.com/maps/search/atelier+floral+Paris+15e
Fleuristes,bouquet sur mesure,Paris 15e,Paris,https://www.google.com/maps/search/bouquet+sur+mesure+Paris+15e
Hammam / Sauna / Piscine,hammam,Paris 15e,Paris,https://www.google.com/maps/search/hammam+Paris+15e
Hammam / Sauna / Piscine,sauna,Paris 15e,Paris,https://www.google.com/maps/search/sauna+Paris+15e
Hammam / Sauna / Piscine,piscine,Paris 15e,Paris,https://www.google.com/maps/search/piscine+Paris+15e
Hammam / Sauna / Piscine,bains vapeur,Paris 15e,Paris,https://www.google.com/maps/search/bains+vapeur+Paris+15e
Coiffeurs / Barbiers,salon de coiffure,Paris 15e,Paris,https://www.google.com/maps/search/salon+de+coiffure+Paris+15e
Coiffeurs / Barbiers,coiffeur,Paris 15e,Paris,https://www.google.com/maps/search/coiffeur+Paris+15e
Coiffeurs / Barbiers,barbier,Paris 15e,Paris,https://www.google.com/maps/search/barbier+Paris+15e
Coiffeurs / Barbiers,barbershop,Paris 15e,Paris,https://www.google.com/maps/search/barbershop+Paris+15e
Coiffeurs / Barbiers,coiffure homme,Paris 15e,Paris,https://www.google.com/maps/search/coiffure+homme+Paris+15e
Instituts de beauté / Ongleries / Tatoueurs,institut de beauté,Paris 15e,Paris,https://www.google.com/maps/search/institut+de+beauté+Paris+15e
Instituts de beauté / Ongleries / Tatoueurs,onglerie,Paris 15e,Paris,https://www.google.com/maps/search/onglerie+Paris+15e
Instituts de beauté / Ongleries / Tatoueurs,salon de manucure,Paris 15e,Paris,https://www.google.com/maps/search/salon+de+manucure+Paris+15e
Instituts de beauté / Ongleries / Tatoueurs,tatoueur,Paris 15e,Paris,https://www.google.com/maps/search/tatoueur+Paris+15e
Instituts de beauté / Ongleries / Tatoueurs,piercing,Paris 15e,Paris,https://www.google.com/maps/search/piercing+Paris+15e
Imprimeries / Reprographies,imprimerie,Paris 15e,Paris,https://www.google.com/maps/search/imprimerie+Paris+15e
Imprimeries / Reprographies,reprographie,Paris 15e,Paris,https://www.google.com/maps/search/reprographie+Paris+15e
Imprimeries / Reprographies,impression numérique,Paris 15e,Paris,https://www.google.com/maps/search/impression+numérique+Paris+15e
Imprimeries / Reprographies,copy shop,Paris 15e,Paris,https://www.google.com/maps/search/copy+shop+Paris+15e
Imprimeries / Reprographies,tirage photocopie,Paris 15e,Paris,https://www.google.com/maps/search/tirage+photocopie+Paris+15e
Salles de sport / Fitness,salle de sport,Paris 15e,Paris,https://www.google.com/maps/search/salle+de+sport+Paris+15e
Salles de sport / Fitness,fitness,Paris 15e,Paris,https://www.google.com/maps/search/fitness+Paris+15e
Salles de sport / Fitness,gym,Paris 15e,Paris,https://www.google.com/maps/search/gym+Paris+15e
Salles de sport / Fitness,musculation,Paris 15e,Paris,https://www.google.com/maps/search/musculation+Paris+15e
Salles de sport / Fitness,crossfit,Paris 15e,Paris,https://www.google.com/maps/search/crossfit+Paris+15e
Épiceries / Supérettes / Primeurs,épicerie,Paris 15e,Paris,https://www.google.com/maps/search/épicerie+Paris+15e
Épiceries / Supérettes / Primeurs,supérette,Paris 15e,Paris,https://www.google.com/maps/search/supérette+Paris+15e
Épiceries / Supérettes / Primeurs,alimentation générale,Paris 15e,Paris,https://www.google.com/maps/search/alimentation+générale+Paris+15e
Épiceries / Supérettes / Primeurs,primeur,Paris 15e,Paris,https://www.google.com/maps/search/primeur+Paris+15e
Épiceries / Supérettes / Primeurs,fruits et légumes,Paris 15e,Paris,https://www.google.com/maps/search/fruits+et+légumes+Paris+15e
Animaleries / Boutiques pour animaux,animalerie,Paris 15e,Paris,https://www.google.com/maps/search/animalerie+Paris+15e
Animaleries / Boutiques pour animaux,boutique pour animaux,Paris 15e,Paris,https://www.google.com/maps/search/boutique+pour+animaux+Paris+15e
Animaleries / Boutiques pour animaux,magasin pour animaux,Paris 15e,Paris,https://www.google.com/maps/search/magasin+pour+animaux+Paris+15e
Animaleries / Boutiques pour animaux,toilettage chien,Paris 15e,Paris,https://www.google.com/maps/search/toilettage+chien+Paris+15e
Animaleries / Boutiques pour animaux,nourriture pour animaux,Paris 15e,Paris,https://www.google.com/maps/search/nourriture+pour+animaux+Paris+15e
Poissonneries,poissonnerie,Paris 16e,Paris,https://www.google.com/maps/search/poissonnerie+Paris+16e
Poissonneries,poissonnier,Paris 16e,Paris,https://www.google.com/maps/search/poissonnier+Paris+16e
Poissonneries,poissonnerie traiteur,Paris 16e,Paris,https://www.google.com/maps/search/poissonnerie+traiteur+Paris+16e
Poissonneries,poisson frais,Paris 16e,Paris,https://www.google.com/maps/search/poisson+frais+Paris+16e
Stations de lavage auto,station de lavage auto,Paris 16e,Paris,https://www.google.com/maps/search/station+de+lavage+auto+Paris+16e
Stations de lavage auto,lavage auto,Paris 16e,Paris,https://www.google.com/maps/search/lavage+auto+Paris+16e
Stations de lavage auto,lavage voiture,Paris 16e,Paris,https://www.google.com/maps/search/lavage+voiture+Paris+16e
Stations de lavage auto,car wash,Paris 16e,Paris,https://www.google.com/maps/search/car+wash+Paris+16e
Stations de lavage auto,lavage sans contact,Paris 16e,Paris,https://www.google.com/maps/search/lavage+sans+contact+Paris+16e
Spa,spa,Paris 16e,Paris,https://www.google.com/maps/search/spa+Paris+16e
Spa,spa bien-être,Paris 16e,Paris,https://www.google.com/maps/search/spa+bien-être+Paris+16e
Spa,spa hammam,Paris 16e,Paris,https://www.google.com/maps/search/spa+hammam+Paris+16e
Spa,spa massage,Paris 16e,Paris,https://www.google.com/maps/search/spa+massage+Paris+16e
Spa,spa sauna,Paris 16e,Paris,https://www.google.com/maps/search/spa+sauna+Paris+16e
Fleuristes,fleuriste,Paris 16e,Paris,https://www.google.com/maps/search/fleuriste+Paris+16e
Fleuristes,fleuriste livraison,Paris 16e,Paris,https://www.google.com/maps/search/fleuriste+livraison+Paris+16e
Fleuristes,atelier floral,Paris 16e,Paris,https://www.google.com/maps/search/atelier+floral+Paris+16e
Fleuristes,bouquet sur mesure,Paris 16e,Paris,https://www.google.com/maps/search/bouquet+sur+mesure+Paris+16e
Hammam / Sauna / Piscine,hammam,Paris 16e,Paris,https://www.google.com/maps/search/hammam+Paris+16e
Hammam / Sauna / Piscine,sauna,Paris 16e,Paris,https://www.google.com/maps/search/sauna+Paris+16e
Hammam / Sauna / Piscine,piscine,Paris 16e,Paris,https://www.google.com/maps/search/piscine+Paris+16e
Hammam / Sauna / Piscine,bains vapeur,Paris 16e,Paris,https://www.google.com/maps/search/bains+vapeur+Paris+16e
Coiffeurs / Barbiers,salon de coiffure,Paris 16e,Paris,https://www.google.com/maps/search/salon+de+coiffure+Paris+16e
Coiffeurs / Barbiers,coiffeur,Paris 16e,Paris,https://www.google.com/maps/search/coiffeur+Paris+16e
Coiffeurs / Barbiers,barbier,Paris 16e,Paris,https://www.google.com/maps/search/barbier+Paris+16e
Coiffeurs / Barbiers,barbershop,Paris 16e,Paris,https://www.google.com/maps/search/barbershop+Paris+16e
Coiffeurs / Barbiers,coiffure homme,Paris 16e,Paris,https://www.google.com/maps/search/coiffure+homme+Paris+16e
Instituts de beauté / Ongleries / Tatoueurs,institut de beauté,Paris 16e,Paris,https://www.google.com/maps/search/institut+de+beauté+Paris+16e
Instituts de beauté / Ongleries / Tatoueurs,onglerie,Paris 16e,Paris,https://www.google.com/maps/search/onglerie+Paris+16e
Instituts de beauté / Ongleries / Tatoueurs,salon de manucure,Paris 16e,Paris,https://www.google.com/maps/search/salon+de+manucure+Paris+16e
Instituts de beauté / Ongleries / Tatoueurs,tatoueur,Paris 16e,Paris,https://www.google.com/maps/search/tatoueur+Paris+16e
Instituts de beauté / Ongleries / Tatoueurs,piercing,Paris 16e,Paris,https://www.google.com/maps/search/piercing+Paris+16e
Imprimeries / Reprographies,imprimerie,Paris 16e,Paris,https://www.google.com/maps/search/imprimerie+Paris+16e
Imprimeries / Reprographies,reprographie,Paris 16e,Paris,https://www.google.com/maps/search/reprographie+Paris+16e
Imprimeries / Reprographies,impression numérique,Paris 16e,Paris,https://www.google.com/maps/search/impression+numérique+Paris+16e
Imprimeries / Reprographies,copy shop,Paris 16e,Paris,https://www.google.com/maps/search/copy+shop+Paris+16e
Imprimeries / Reprographies,tirage photocopie,Paris 16e,Paris,https://www.google.com/maps/search/tirage+photocopie+Paris+16e
Salles de sport / Fitness,salle de sport,Paris 16e,Paris,https://www.google.com/maps/search/salle+de+sport+Paris+16e
Salles de sport / Fitness,fitness,Paris 16e,Paris,https://www.google.com/maps/search/fitness+Paris+16e
Salles de sport / Fitness,gym,Paris 16e,Paris,https://www.google.com/maps/search/gym+Paris+16e
Salles de sport / Fitness,musculation,Paris 16e,Paris,https://www.google.com/maps/search/musculation+Paris+16e
Salles de sport / Fitness,crossfit,Paris 16e,Paris,https://www.google.com/maps/search/crossfit+Paris+16e
Épiceries / Supérettes / Primeurs,épicerie,Paris 16e,Paris,https://www.google.com/maps/search/épicerie+Paris+16e
Épiceries / Supérettes / Primeurs,supérette,Paris 16e,Paris,https://www.google.com/maps/search/supérette+Paris+16e
Épiceries / Supérettes / Primeurs,alimentation générale,Paris 16e,Paris,https://www.google.com/maps/search/alimentation+générale+Paris+16e
Épiceries / Supérettes / Primeurs,primeur,Paris 16e,Paris,https://www.google.com/maps/search/primeur+Paris+16e
Épiceries / Supérettes / Primeurs,fruits et légumes,Paris 16e,Paris,https://www.google.com/maps/search/fruits+et+légumes+Paris+16e
Animaleries / Boutiques pour animaux,animalerie,Paris 16e,Paris,https://www.google.com/maps/search/animalerie+Paris+16e
Animaleries / Boutiques pour animaux,boutique pour animaux,Paris 16e,Paris,https://www.google.com/maps/search/boutique+pour+animaux+Paris+16e
Animaleries / Boutiques pour animaux,magasin pour animaux,Paris 16e,Paris,https://www.google.com/maps/search/magasin+pour+animaux+Paris+16e
Animaleries / Boutiques pour animaux,toilettage chien,Paris 16e,Paris,https://www.google.com/maps/search/toilettage+chien+Paris+16e
Animaleries / Boutiques pour animaux,nourriture pour animaux,Paris 16e,Paris,https://www.google.com/maps/search/nourriture+pour+animaux+Paris+16e
Poissonneries,poissonnerie,Paris 17e,Paris,https://www.google.com/maps/search/poissonnerie+Paris+17e
Poissonneries,poissonnier,Paris 17e,Paris,https://www.google.com/maps/search/poissonnier+Paris+17e
Poissonneries,poissonnerie traiteur,Paris 17e,Paris,https://www.google.com/maps/search/poissonnerie+traiteur+Paris+17e
Poissonneries,poisson frais,Paris 17e,Paris,https://www.google.com/maps/search/poisson+frais+Paris+17e
Stations de lavage auto,station de lavage auto,Paris 17e,Paris,https://www.google.com/maps/search/station+de+lavage+auto+Paris+17e
Stations de lavage auto,lavage auto,Paris 17e,Paris,https://www.google.com/maps/search/lavage+auto+Paris+17e
Stations de lavage auto,lavage voiture,Paris 17e,Paris,https://www.google.com/maps/search/lavage+voiture+Paris+17e
Stations de lavage auto,car wash,Paris 17e,Paris,https://www.google.com/maps/search/car+wash+Paris+17e
Stations de lavage auto,lavage sans contact,Paris 17e,Paris,https://www.google.com/maps/search/lavage+sans+contact+Paris+17e
Spa,spa,Paris 17e,Paris,https://www.google.com/maps/search/spa+Paris+17e
Spa,spa bien-être,Paris 17e,Paris,https://www.google.com/maps/search/spa+bien-être+Paris+17e
Spa,spa hammam,Paris 17e,Paris,https://www.google.com/maps/search/spa+hammam+Paris+17e
Spa,spa massage,Paris 17e,Paris,https://www.google.com/maps/search/spa+massage+Paris+17e
Spa,spa sauna,Paris 17e,Paris,https://www.google.com/maps/search/spa+sauna+Paris+17e
Fleuristes,fleuriste,Paris 17e,Paris,https://www.google.com/maps/search/fleuriste+Paris+17e
Fleuristes,fleuriste livraison,Paris 17e,Paris,https://www.google.com/maps/search/fleuriste+livraison+Paris+17e
Fleuristes,atelier floral,Paris 17e,Paris,https://www.google.com/maps/search/atelier+floral+Paris+17e
Fleuristes,bouquet sur mesure,Paris 17e,Paris,https://www.google.com/maps/search/bouquet+sur+mesure+Paris+17e
Hammam / Sauna / Piscine,hammam,Paris 17e,Paris,https://www.google.com/maps/search/hammam+Paris+17e
Hammam / Sauna / Piscine,sauna,Paris 17e,Paris,https://www.google.com/maps/search/sauna+Paris+17e
Hammam / Sauna / Piscine,piscine,Paris 17e,Paris,https://www.google.com/maps/search/piscine+Paris+17e
Hammam / Sauna / Piscine,bains vapeur,Paris 17e,Paris,https://www.google.com/maps/search/bains+vapeur+Paris+17e
Coiffeurs / Barbiers,salon de coiffure,Paris 17e,Paris,https://www.google.com/maps/search/salon+de+coiffure+Paris+17e
Coiffeurs / Barbiers,coiffeur,Paris 17e,Paris,https://www.google.com/maps/search/coiffeur+Paris+17e
Coiffeurs / Barbiers,barbier,Paris 17e,Paris,https://www.google.com/maps/search/barbier+Paris+17e
Coiffeurs / Barbiers,barbershop,Paris 17e,Paris,https://www.google.com/maps/search/barbershop+Paris+17e
Coiffeurs / Barbiers,coiffure homme,Paris 17e,Paris,https://www.google.com/maps/search/coiffure+homme+Paris+17e
Instituts de beauté / Ongleries / Tatoueurs,institut de beauté,Paris 17e,Paris,https://www.google.com/maps/search/institut+de+beauté+Paris+17e
Instituts de beauté / Ongleries / Tatoueurs,onglerie,Paris 17e,Paris,https://www.google.com/maps/search/onglerie+Paris+17e
Instituts de beauté / Ongleries / Tatoueurs,salon de manucure,Paris 17e,Paris,https://www.google.com/maps/search/salon+de+manucure+Paris+17e
Instituts de beauté / Ongleries / Tatoueurs,tatoueur,Paris 17e,Paris,https://www.google.com/maps/search/tatoueur+Paris+17e
Instituts de beauté / Ongleries / Tatoueurs,piercing,Paris 17e,Paris,https://www.google.com/maps/search/piercing+Paris+17e
Imprimeries / Reprographies,imprimerie,Paris 17e,Paris,https://www.google.com/maps/search/imprimerie+Paris+17e
Imprimeries / Reprographies,reprographie,Paris 17e,Paris,https://www.google.com/maps/search/reprographie+Paris+17e
Imprimeries / Reprographies,impression numérique,Paris 17e,Paris,https://www.google.com/maps/search/impression+numérique+Paris+17e
Imprimeries / Reprographies,copy shop,Paris 17e,Paris,https://www.google.com/maps/search/copy+shop+Paris+17e
Imprimeries / Reprographies,tirage photocopie,Paris 17e,Paris,https://www.google.com/maps/search/tirage+photocopie+Paris+17e
Salles de sport / Fitness,salle de sport,Paris 17e,Paris,https://www.google.com/maps/search/salle+de+sport+Paris+17e
Salles de sport / Fitness,fitness,Paris 17e,Paris,https://www.google.com/maps/search/fitness+Paris+17e
Salles de sport / Fitness,gym,Paris 17e,Paris,https://www.google.com/maps/search/gym+Paris+17e
Salles de sport / Fitness,musculation,Paris 17e,Paris,https://www.google.com/maps/search/musculation+Paris+17e
Salles de sport / Fitness,crossfit,Paris 17e,Paris,https://www.google.com/maps/search/crossfit+Paris+17e
Épiceries / Supérettes / Primeurs,épicerie,Paris 17e,Paris,https://www.google.com/maps/search/épicerie+Paris+17e
Épiceries / Supérettes / Primeurs,supérette,Paris 17e,Paris,https://www.google.com/maps/search/supérette+Paris+17e
Épiceries / Supérettes / Primeurs,alimentation générale,Paris 17e,Paris,https://www.google.com/maps/search/alimentation+générale+Paris+17e
Épiceries / Supérettes / Primeurs,primeur,Paris 17e,Paris,https://www.google.com/maps/search/primeur+Paris+17e
Épiceries / Supérettes / Primeurs,fruits et légumes,Paris 17e,Paris,https://www.google.com/maps/search/fruits+et+légumes+Paris+17e
Animaleries / Boutiques pour animaux,animalerie,Paris 17e,Paris,https://www.google.com/maps/search/animalerie+Paris+17e
Animaleries / Boutiques pour animaux,boutique pour animaux,Paris 17e,Paris,https://www.google.com/maps/search/boutique+pour+animaux+Paris+17e
Animaleries / Boutiques pour animaux,magasin pour animaux,Paris 17e,Paris,https://www.google.com/maps/search/magasin+pour+animaux+Paris+17e
Animaleries / Boutiques pour animaux,toilettage chien,Paris 17e,Paris,https://www.google.com/maps/search/toilettage+chien+Paris+17e
Animaleries / Boutiques pour animaux,nourriture pour animaux,Paris 17e,Paris,https://www.google.com/maps/search/nourriture+pour+animaux+Paris+17e
Poissonneries,poissonnerie,Paris 18e,Paris,https://www.google.com/maps/search/poissonnerie+Paris+18e
Poissonneries,poissonnier,Paris 18e,Paris,https://www.google.com/maps/search/poissonnier+Paris+18e
Poissonneries,poissonnerie traiteur,Paris 18e,Paris,https://www.google.com/maps/search/poissonnerie+traiteur+Paris+18e
Poissonneries,poisson frais,Paris 18e,Paris,https://www.google.com/maps/search/poisson+frais+Paris+18e
Stations de lavage auto,station de lavage auto,Paris 18e,Paris,https://www.google.com/maps/search/station+de+lavage+auto+Paris+18e
Stations de lavage auto,lavage auto,Paris 18e,Paris,https://www.google.com/maps/search/lavage+auto+Paris+18e
Stations de lavage auto,lavage voiture,Paris 18e,Paris,https://www.google.com/maps/search/lavage+voiture+Paris+18e
Stations de lavage auto,car wash,Paris 18e,Paris,https://www.google.com/maps/search/car+wash+Paris+18e
Stations de lavage auto,lavage sans contact,Paris 18e,Paris,https://www.google.com/maps/search/lavage+sans+contact+Paris+18e
Spa,spa,Paris 18e,Paris,https://www.google.com/maps/search/spa+Paris+18e
Spa,spa bien-être,Paris 18e,Paris,https://www.google.com/maps/search/spa+bien-être+Paris+18e
Spa,spa hammam,Paris 18e,Paris,https://www.google.com/maps/search/spa+hammam+Paris+18e
Spa,spa massage,Paris 18e,Paris,https://www.google.com/maps/search/spa+massage+Paris+18e
Spa,spa sauna,Paris 18e,Paris,https://www.google.com/maps/search/spa+sauna+Paris+18e
Fleuristes,fleuriste,Paris 18e,Paris,https://www.google.com/maps/search/fleuriste+Paris+18e
Fleuristes,fleuriste livraison,Paris 18e,Paris,https://www.google.com/maps/search/fleuriste+livraison+Paris+18e
Fleuristes,atelier floral,Paris 18e,Paris,https://www.google.com/maps/search/atelier+floral+Paris+18e
Fleuristes,bouquet sur mesure,Paris 18e,Paris,https://www.google.com/maps/search/bouquet+sur+mesure+Paris+18e
Hammam / Sauna / Piscine,hammam,Paris 18e,Paris,https://www.google.com/maps/search/hammam+Paris+18e
Hammam / Sauna / Piscine,sauna,Paris 18e,Paris,https://www.google.com/maps/search/sauna+Paris+18e
Hammam / Sauna / Piscine,piscine,Paris 18e,Paris,https://www.google.com/maps/search/piscine+Paris+18e
Hammam / Sauna / Piscine,bains vapeur,Paris 18e,Paris,https://www.google.com/maps/search/bains+vapeur+Paris+18e
Coiffeurs / Barbiers,salon de coiffure,Paris 18e,Paris,https://www.google.com/maps/search/salon+de+coiffure+Paris+18e
Coiffeurs / Barbiers,coiffeur,Paris 18e,Paris,https://www.google.com/maps/search/coiffeur+Paris+18e
Coiffeurs / Barbiers,barbier,Paris 18e,Paris,https://www.google.com/maps/search/barbier+Paris+18e
Coiffeurs / Barbiers,barbershop,Paris 18e,Paris,https://www.google.com/maps/search/barbershop+Paris+18e
Coiffeurs / Barbiers,coiffure homme,Paris 18e,Paris,https://www.google.com/maps/search/coiffure+homme+Paris+18e
Instituts de beauté / Ongleries / Tatoueurs,institut de beauté,Paris 18e,Paris,https://www.google.com/maps/search/institut+de+beauté+Paris+18e
Instituts de beauté / Ongleries / Tatoueurs,onglerie,Paris 18e,Paris,https://www.google.com/maps/search/onglerie+Paris+18e
Instituts de beauté / Ongleries / Tatoueurs,salon de manucure,Paris 18e,Paris,https://www.google.com/maps/search/salon+de+manucure+Paris+18e
Instituts de beauté / Ongleries / Tatoueurs,tatoueur,Paris 18e,Paris,https://www.google.com/maps/search/tatoueur+Paris+18e
Instituts de beauté / Ongleries / Tatoueurs,piercing,Paris 18e,Paris,https://www.google.com/maps/search/piercing+Paris+18e
Imprimeries / Reprographies,imprimerie,Paris 18e,Paris,https://www.google.com/maps/search/imprimerie+Paris+18e
Imprimeries / Reprographies,reprographie,Paris 18e,Paris,https://www.google.com/maps/search/reprographie+Paris+18e
Imprimeries / Reprographies,impression numérique,Paris 18e,Paris,https://www.google.com/maps/search/impression+numérique+Paris+18e
Imprimeries / Reprographies,copy shop,Paris 18e,Paris,https://www.google.com/maps/search/copy+shop+Paris+18e
Imprimeries / Reprographies,tirage photocopie,Paris 18e,Paris,https://www.google.com/maps/search/tirage+photocopie+Paris+18e
Salles de sport / Fitness,salle de sport,Paris 18e,Paris,https://www.google.com/maps/search/salle+de+sport+Paris+18e
Salles de sport / Fitness,fitness,Paris 18e,Paris,https://www.google.com/maps/search/fitness+Paris+18e
Salles de sport / Fitness,gym,Paris 18e,Paris,https://www.google.com/maps/search/gym+Paris+18e
Salles de sport / Fitness,musculation,Paris 18e,Paris,https://www.google.com/maps/search/musculation+Paris+18e
Salles de sport / Fitness,crossfit,Paris 18e,Paris,https://www.google.com/maps/search/crossfit+Paris+18e
Épiceries / Supérettes / Primeurs,épicerie,Paris 18e,Paris,https://www.google.com/maps/search/épicerie+Paris+18e
Épiceries / Supérettes / Primeurs,supérette,Paris 18e,Paris,https://www.google.com/maps/search/supérette+Paris+18e
Épiceries / Supérettes / Primeurs,alimentation générale,Paris 18e,Paris,https://www.google.com/maps/search/alimentation+générale+Paris+18e
Épiceries / Supérettes / Primeurs,primeur,Paris 18e,Paris,https://www.google.com/maps/search/primeur+Paris+18e
Épiceries / Supérettes / Primeurs,fruits et légumes,Paris 18e,Paris,https://www.google.com/maps/search/fruits+et+légumes+Paris+18e
Animaleries / Boutiques pour animaux,animalerie,Paris 18e,Paris,https://www.google.com/maps/search/animalerie+Paris+18e
Animaleries / Boutiques pour animaux,boutique pour animaux,Paris 18e,Paris,https://www.google.com/maps/search/boutique+pour+animaux+Paris+18e
Animaleries / Boutiques pour animaux,magasin pour animaux,Paris 18e,Paris,https://www.google.com/maps/search/magasin+pour+animaux+Paris+18e
Animaleries / Boutiques pour animaux,toilettage chien,Paris 18e,Paris,https://www.google.com/maps/search/toilettage+chien+Paris+18e
Animaleries / Boutiques pour animaux,nourriture pour animaux,Paris 18e,Paris,https://www.google.com/maps/search/nourriture+pour+animaux+Paris+18e
Poissonneries,poissonnerie,Paris 19e,Paris,https://www.google.com/maps/search/poissonnerie+Paris+19e
Poissonneries,poissonnier,Paris 19e,Paris,https://www.google.com/maps/search/poissonnier+Paris+19e
Poissonneries,poissonnerie traiteur,Paris 19e,Paris,https://www.google.com/maps/search/poissonnerie+traiteur+Paris+19e
Poissonneries,poisson frais,Paris 19e,Paris,https://www.google.com/maps/search/poisson+frais+Paris+19e
Stations de lavage auto,station de lavage auto,Paris 19e,Paris,https://www.google.com/maps/search/station+de+lavage+auto+Paris+19e
Stations de lavage auto,lavage auto,Paris 19e,Paris,https://www.google.com/maps/search/lavage+auto+Paris+19e
Stations de lavage auto,lavage voiture,Paris 19e,Paris,https://www.google.com/maps/search/lavage+voiture+Paris+19e
Stations de lavage auto,car wash,Paris 19e,Paris,https://www.google.com/maps/search/car+wash+Paris+19e
Stations de lavage auto,lavage sans contact,Paris 19e,Paris,https://www.google.com/maps/search/lavage+sans+contact+Paris+19e
Spa,spa,Paris 19e,Paris,https://www.google.com/maps/search/spa+Paris+19e
Spa,spa bien-être,Paris 19e,Paris,https://www.google.com/maps/search/spa+bien-être+Paris+19e
Spa,spa hammam,Paris 19e,Paris,https://www.google.com/maps/search/spa+hammam+Paris+19e
Spa,spa massage,Paris 19e,Paris,https://www.google.com/maps/search/spa+massage+Paris+19e
Spa,spa sauna,Paris 19e,Paris,https://www.google.com/maps/search/spa+sauna+Paris+19e
Fleuristes,fleuriste,Paris 19e,Paris,https://www.google.com/maps/search/fleuriste+Paris+19e
Fleuristes,fleuriste livraison,Paris 19e,Paris,https://www.google.com/maps/search/fleuriste+livraison+Paris+19e
Fleuristes,atelier floral,Paris 19e,Paris,https://www.google.com/maps/search/atelier+floral+Paris+19e
Fleuristes,bouquet sur mesure,Paris 19e,Paris,https://www.google.com/maps/search/bouquet+sur+mesure+Paris+19e
Hammam / Sauna / Piscine,hammam,Paris 19e,Paris,https://www.google.com/maps/search/hammam+Paris+19e
Hammam / Sauna / Piscine,sauna,Paris 19e,Paris,https://www.google.com/maps/search/sauna+Paris+19e
Hammam / Sauna / Piscine,piscine,Paris 19e,Paris,https://www.google.com/maps/search/piscine+Paris+19e
Hammam / Sauna / Piscine,bains vapeur,Paris 19e,Paris,https://www.google.com/maps/search/bains+vapeur+Paris+19e
Coiffeurs / Barbiers,salon de coiffure,Paris 19e,Paris,https://www.google.com/maps/search/salon+de+coiffure+Paris+19e
Coiffeurs / Barbiers,coiffeur,Paris 19e,Paris,https://www.google.com/maps/search/coiffeur+Paris+19e
Coiffeurs / Barbiers,barbier,Paris 19e,Paris,https://www.google.com/maps/search/barbier+Paris+19e
Coiffeurs / Barbiers,barbershop,Paris 19e,Paris,https://www.google.com/maps/search/barbershop+Paris+19e
Coiffeurs / Barbiers,coiffure homme,Paris 19e,Paris,https://www.google.com/maps/search/coiffure+homme+Paris+19e
Instituts de beauté / Ongleries / Tatoueurs,institut de beauté,Paris 19e,Paris,https://www.google.com/maps/search/institut+de+beauté+Paris+19e
Instituts de beauté / Ongleries / Tatoueurs,onglerie,Paris 19e,Paris,https://www.google.com/maps/search/onglerie+Paris+19e
Instituts de beauté / Ongleries / Tatoueurs,salon de manucure,Paris 19e,Paris,https://www.google.com/maps/search/salon+de+manucure+Paris+19e
Instituts de beauté / Ongleries / Tatoueurs,tatoueur,Paris 19e,Paris,https://www.google.com/maps/search/tatoueur+Paris+19e
Instituts de beauté / Ongleries / Tatoueurs,piercing,Paris 19e,Paris,https://www.google.com/maps/search/piercing+Paris+19e
Imprimeries / Reprographies,imprimerie,Paris 19e,Paris,https://www.google.com/maps/search/imprimerie+Paris+19e
Imprimeries / Reprographies,reprographie,Paris 19e,Paris,https://www.google.com/maps/search/reprographie+Paris+19e
Imprimeries / Reprographies,impression numérique,Paris 19e,Paris,https://www.google.com/maps/search/impression+numérique+Paris+19e
Imprimeries / Reprographies,copy shop,Paris 19e,Paris,https://www.google.com/maps/search/copy+shop+Paris+19e
Imprimeries / Reprographies,tirage photocopie,Paris 19e,Paris,https://www.google.com/maps/search/tirage+photocopie+Paris+19e
Salles de sport / Fitness,salle de sport,Paris 19e,Paris,https://www.google.com/maps/search/salle+de+sport+Paris+19e
Salles de sport / Fitness,fitness,Paris 19e,Paris,https://www.google.com/maps/search/fitness+Paris+19e
Salles de sport / Fitness,gym,Paris 19e,Paris,https://www.google.com/maps/search/gym+Paris+19e
Salles de sport / Fitness,musculation,Paris 19e,Paris,https://www.google.com/maps/search/musculation+Paris+19e
Salles de sport / Fitness,crossfit,Paris 19e,Paris,https://www.google.com/maps/search/crossfit+Paris+19e
Épiceries / Supérettes / Primeurs,épicerie,Paris 19e,Paris,https://www.google.com/maps/search/épicerie+Paris+19e
Épiceries / Supérettes / Primeurs,supérette,Paris 19e,Paris,https://www.google.com/maps/search/supérette+Paris+19e
Épiceries / Supérettes / Primeurs,alimentation générale,Paris 19e,Paris,https://www.google.com/maps/search/alimentation+générale+Paris+19e
Épiceries / Supérettes / Primeurs,primeur,Paris 19e,Paris,https://www.google.com/maps/search/primeur+Paris+19e
Épiceries / Supérettes / Primeurs,fruits et légumes,Paris 19e,Paris,https://www.google.com/maps/search/fruits+et+légumes+Paris+19e
Animaleries / Boutiques pour animaux,animalerie,Paris 19e,Paris,https://www.google.com/maps/search/animalerie+Paris+19e
Animaleries / Boutiques pour animaux,boutique pour animaux,Paris 19e,Paris,https://www.google.com/maps/search/boutique+pour+animaux+Paris+19e
Animaleries / Boutiques pour animaux,magasin pour animaux,Paris 19e,Paris,https://www.google.com/maps/search/magasin+pour+animaux+Paris+19e
Animaleries / Boutiques pour animaux,toilettage chien,Paris 19e,Paris,https://www.google.com/maps/search/toilettage+chien+Paris+19e
Animaleries / Boutiques pour animaux,nourriture pour animaux,Paris 19e,Paris,https://www.google.com/maps/search/nourriture+pour+animaux+Paris+19e
Poissonneries,poissonnerie,Paris 20e,Paris,https://www.google.com/maps/search/poissonnerie+Paris+20e
Poissonneries,poissonnier,Paris 20e,Paris,https://www.google.com/maps/search/poissonnier+Paris+20e
Poissonneries,poissonnerie traiteur,Paris 20e,Paris,https://www.google.com/maps/search/poissonnerie+traiteur+Paris+20e
Poissonneries,poisson frais,Paris 20e,Paris,https://www.google.com/maps/search/poisson+frais+Paris+20e
Stations de lavage auto,station de lavage auto,Paris 20e,Paris,https://www.google.com/maps/search/station+de+lavage+auto+Paris+20e
Stations de lavage auto,lavage auto,Paris 20e,Paris,https://www.google.com/maps/search/lavage+auto+Paris+20e
Stations de lavage auto,lavage voiture,Paris 20e,Paris,https://www.google.com/maps/search/lavage+voiture+Paris+20e
Stations de lavage auto,car wash,Paris 20e,Paris,https://www.google.com/maps/search/car+wash+Paris+20e
Stations de lavage auto,lavage sans contact,Paris 20e,Paris,https://www.google.com/maps/search/lavage+sans+contact+Paris+20e
Spa,spa,Paris 20e,Paris,https://www.google.com/maps/search/spa+Paris+20e
Spa,spa bien-être,Paris 20e,Paris,https://www.google.com/maps/search/spa+bien-être+Paris+20e
Spa,spa hammam,Paris 20e,Paris,https://www.google.com/maps/search/spa+hammam+Paris+20e
Spa,spa massage,Paris 20e,Paris,https://www.google.com/maps/search/spa+massage+Paris+20e
Spa,spa sauna,Paris 20e,Paris,https://www.google.com/maps/search/spa+sauna+Paris+20e
Fleuristes,fleuriste,Paris 20e,Paris,https://www.google.com/maps/search/fleuriste+Paris+20e
Fleuristes,fleuriste livraison,Paris 20e,Paris,https://www.google.com/maps/search/fleuriste+livraison+Paris+20e
Fleuristes,atelier floral,Paris 20e,Paris,https://www.google.com/maps/search/atelier+floral+Paris+20e
Fleuristes,bouquet sur mesure,Paris 20e,Paris,https://www.google.com/maps/search/bouquet+sur+mesure+Paris+20e
Hammam / Sauna / Piscine,hammam,Paris 20e,Paris,https://www.google.com/maps/search/hammam+Paris+20e
Hammam / Sauna / Piscine,sauna,Paris 20e,Paris,https://www.google.com/maps/search/sauna+Paris+20e
Hammam / Sauna / Piscine,piscine,Paris 20e,Paris,https://www.google.com/maps/search/piscine+Paris+20e
Hammam / Sauna / Piscine,bains vapeur,Paris 20e,Paris,https://www.google.com/maps/search/bains+vapeur+Paris+20e
Coiffeurs / Barbiers,salon de coiffure,Paris 20e,Paris,https://www.google.com/maps/search/salon+de+coiffure+Paris+20e
Coiffeurs / Barbiers,coiffeur,Paris 20e,Paris,https://www.google.com/maps/search/coiffeur+Paris+20e
Coiffeurs / Barbiers,barbier,Paris 20e,Paris,https://www.google.com/maps/search/barbier+Paris+20e
Coiffeurs / Barbiers,barbershop,Paris 20e,Paris,https://www.google.com/maps/search/barbershop+Paris+20e
Coiffeurs / Barbiers,coiffure homme,Paris 20e,Paris,https://www.google.com/maps/search/coiffure+homme+Paris+20e
Instituts de beauté / Ongleries / Tatoueurs,institut de beauté,Paris 20e,Paris,https://www.google.com/maps/search/institut+de+beauté+Paris+20e
Instituts de beauté / Ongleries / Tatoueurs,onglerie,Paris 20e,Paris,https://www.google.com/maps/search/onglerie+Paris+20e
Instituts de beauté / Ongleries / Tatoueurs,salon de manucure,Paris 20e,Paris,https://www.google.com/maps/search/salon+de+manucure+Paris+20e
Instituts de beauté / Ongleries / Tatoueurs,tatoueur,Paris 20e,Paris,https://www.google.com/maps/search/tatoueur+Paris+20e
Instituts de beauté / Ongleries / Tatoueurs,piercing,Paris 20e,Paris,https://www.google.com/maps/search/piercing+Paris+20e
Imprimeries / Reprographies,imprimerie,Paris 20e,Paris,https://www.google.com/maps/search/imprimerie+Paris+20e
Imprimeries / Reprographies,reprographie,Paris 20e,Paris,https://www.google.com/maps/search/reprographie+Paris+20e
Imprimeries / Reprographies,impression numérique,Paris 20e,Paris,https://www.google.com/maps/search/impression+numérique+Paris+20e
Imprimeries / Reprographies,copy shop,Paris 20e,Paris,https://www.google.com/maps/search/copy+shop+Paris+20e
Imprimeries / Reprographies,tirage photocopie,Paris 20e,Paris,https://www.google.com/maps/search/tirage+photocopie+Paris+20e
Salles de sport / Fitness,salle de sport,Paris 20e,Paris,https://www.google.com/maps/search/salle+de+sport+Paris+20e
Salles de sport / Fitness,fitness,Paris 20e,Paris,https://www.google.com/maps/search/fitness+Paris+20e
Salles de sport / Fitness,gym,Paris 20e,Paris,https://www.google.com/maps/search/gym+Paris+20e
Salles de sport / Fitness,musculation,Paris 20e,Paris,https://www.google.com/maps/search/musculation+Paris+20e
Salles de sport / Fitness,crossfit,Paris 20e,Paris,https://www.google.com/maps/search/crossfit+Paris+20e
Épiceries / Supérettes / Primeurs,épicerie,Paris 20e,Paris,https://www.google.com/maps/search/épicerie+Paris+20e
Épiceries / Supérettes / Primeurs,supérette,Paris 20e,Paris,https://www.google.com/maps/search/supérette+Paris+20e
Épiceries / Supérettes / Primeurs,alimentation générale,Paris 20e,Paris,https://www.google.com/maps/search/alimentation+générale+Paris+20e
Épiceries / Supérettes / Primeurs,primeur,Paris 20e,Paris,https://www.google.com/maps/search/primeur+Paris+20e
Épiceries / Supérettes / Primeurs,fruits et légumes,Paris 20e,Paris,https://www.google.com/maps/search/fruits+et+légumes+Paris+20e
Animaleries / Boutiques pour animaux,animalerie,Paris 20e,Paris,https://www.google.com/maps/search/animalerie+Paris+20e
Animaleries / Boutiques pour animaux,boutique pour animaux,Paris 20e,Paris,https://www.google.com/maps/search/boutique+pour+animaux+Paris+20e
Animaleries / Boutiques pour animaux,magasin pour animaux,Paris 20e,Paris,https://www.google.com/maps/search/magasin+pour+animaux+Paris+20e
Animaleries / Boutiques pour animaux,toilettage chien,Paris 20e,Paris,https://www.google.com/maps/search/toilettage+chien+Paris+20e
Animaleries / Boutiques pour animaux,nourriture pour animaux,Paris 20e,Paris,https://www.google.com/maps/search/nourriture+pour+animaux+Paris+20e
Poissonneries,poissonnerie,Boulogne-Billancourt,Hauts-de-Seine,https://www.google.com/maps/search/poissonnerie+Boulogne-Billancourt
Poissonneries,poissonnier,Boulogne-Billancourt,Hauts-de-Seine,https://www.google.com/maps/search/poissonnier+Boulogne-Billancourt
Poissonneries,poissonnerie traiteur,Boulogne-Billancourt,Hauts-de-Seine,https://www.google.com/maps/search/poissonnerie+traiteur+Boulogne-Billancourt
Poissonneries,poisson frais,Boulogne-Billancourt,Hauts-de-Seine,https://www.google.com/maps/search/poisson+frais+Boulogne-Billancourt
Stations de lavage auto,station de lavage auto,Boulogne-Billancourt,Hauts-de-Seine,https://www.google.com/maps/search/station+de+lavage+auto+Boulogne-Billancourt
Stations de lavage auto,lavage auto,Boulogne-Billancourt,Hauts-de-Seine,https://www.google.com/maps/search/lavage+auto+Boulogne-Billancourt
Stations de lavage auto,lavage voiture,Boulogne-Billancourt,Hauts-de-Seine,https://www.google.com/maps/search/lavage+voiture+Boulogne-Billancourt
Stations de lavage auto,car wash,Boulogne-Billancourt,Hauts-de-Seine,https://www.google.com/maps/search/car+wash+Boulogne-Billancourt
Stations de lavage auto,lavage sans contact,Boulogne-Billancourt,Hauts-de-Seine,https://www.google.com/maps/search/lavage+sans+contact+Boulogne-Billancourt
Spa,spa,Boulogne-Billancourt,Hauts-de-Seine,https://www.google.com/maps/search/spa+Boulogne-Billancourt
Spa,spa bien-être,Boulogne-Billancourt,Hauts-de-Seine,https://www.google.com/maps/search/spa+bien-être+Boulogne-Billancourt
Spa,spa hammam,Boulogne-Billancourt,Hauts-de-Seine,https://www.google.com/maps/search/spa+hammam+Boulogne-Billancourt
Spa,spa massage,Boulogne-Billancourt,Hauts-de-Seine,https://www.google.com/maps/search/spa+massage+Boulogne-Billancourt
Spa,spa sauna,Boulogne-Billancourt,Hauts-de-Seine,https://www.google.com/maps/search/spa+sauna+Boulogne-Billancourt
Fleuristes,fleuriste,Boulogne-Billancourt,Hauts-de-Seine,https://www.google.com/maps/search/fleuriste+Boulogne-Billancourt
Fleuristes,fleuriste livraison,Boulogne-Billancourt,Hauts-de-Seine,https://www.google.com/maps/search/fleuriste+livraison+Boulogne-Billancourt
Fleuristes,atelier floral,Boulogne-Billancourt,Hauts-de-Seine,https://www.google.com/maps/search/atelier+floral+Boulogne-Billancourt
Fleuristes,bouquet sur mesure,Boulogne-Billancourt,Hauts-de-Seine,https://www.google.com/maps/search/bouquet+sur+mesure+Boulogne-Billancourt
Hammam / Sauna / Piscine,hammam,Boulogne-Billancourt,Hauts-de-Seine,https://www.google.com/maps/search/hammam+Boulogne-Billancourt
Hammam / Sauna / Piscine,sauna,Boulogne-Billancourt,Hauts-de-Seine,https://www.google.com/maps/search/sauna+Boulogne-Billancourt
Hammam / Sauna / Piscine,piscine,Boulogne-Billancourt,Hauts-de-Seine,https://www.google.com/maps/search/piscine+Boulogne-Billancourt
Hammam / Sauna / Piscine,bains vapeur,Boulogne-Billancourt,Hauts-de-Seine,https://www.google.com/maps/search/bains+vapeur+Boulogne-Billancourt
Coiffeurs / Barbiers,salon de coiffure,Boulogne-Billancourt,Hauts-de-Seine,https://www.google.com/maps/search/salon+de+coiffure+Boulogne-Billancourt
Coiffeurs / Barbiers,coiffeur,Boulogne-Billancourt,Hauts-de-Seine,https://www.google.com/maps/search/coiffeur+Boulogne-Billancourt
Coiffeurs / Barbiers,barbier,Boulogne-Billancourt,Hauts-de-Seine,https://www.google.com/maps/search/barbier+Boulogne-Billancourt
Coiffeurs / Barbiers,barbershop,Boulogne-Billancourt,Hauts-de-Seine,https://www.google.com/maps/search/barbershop+Boulogne-Billancourt
Coiffeurs / Barbiers,coiffure homme,Boulogne-Billancourt,Hauts-de-Seine,https://www.google.com/maps/search/coiffure+homme+Boulogne-Billancourt
Instituts de beauté / Ongleries / Tatoueurs,institut de beauté,Boulogne-Billancourt,Hauts-de-Seine,https://www.google.com/maps/search/institut+de+beauté+Boulogne-Billancourt
Instituts de beauté / Ongleries / Tatoueurs,onglerie,Boulogne-Billancourt,Hauts-de-Seine,https://www.google.com/maps/search/onglerie+Boulogne-Billancourt
Instituts de beauté / Ongleries / Tatoueurs,salon de manucure,Boulogne-Billancourt,Hauts-de-Seine,https://www.google.com/maps/search/salon+de+manucure+Boulogne-Billancourt
Instituts de beauté / Ongleries / Tatoueurs,tatoueur,Boulogne-Billancourt,Hauts-de-Seine,https://www.google.com/maps/search/tatoueur+Boulogne-Billancourt
Instituts de beauté / Ongleries / Tatoueurs,piercing,Boulogne-Billancourt,Hauts-de-Seine,https://www.google.com/maps/search/piercing+Boulogne-Billancourt
Imprimeries / Reprographies,imprimerie,Boulogne-Billancourt,Hauts-de-Seine,https://www.google.com/maps/search/imprimerie+Boulogne-Billancourt
Imprimeries / Reprographies,reprographie,Boulogne-Billancourt,Hauts-de-Seine,https://www.google.com/maps/search/reprographie+Boulogne-Billancourt
Imprimeries / Reprographies,impression numérique,Boulogne-Billancourt,Hauts-de-Seine,https://www.google.com/maps/search/impression+numérique+Boulogne-Billancourt
Imprimeries / Reprographies,copy shop,Boulogne-Billancourt,Hauts-de-Seine,https://www.google.com/maps/search/copy+shop+Boulogne-Billancourt
Imprimeries / Reprographies,tirage photocopie,Boulogne-Billancourt,Hauts-de-Seine,https://www.google.com/maps/search/tirage+photocopie+Boulogne-Billancourt
Salles de sport / Fitness,salle de sport,Boulogne-Billancourt,Hauts-de-Seine,https://www.google.com/maps/search/salle+de+sport+Boulogne-Billancourt
Salles de sport / Fitness,fitness,Boulogne-Billancourt,Hauts-de-Seine,https://www.google.com/maps/search/fitness+Boulogne-Billancourt
Salles de sport / Fitness,gym,Boulogne-Billancourt,Hauts-de-Seine,https://www.google.com/maps/search/gym+Boulogne-Billancourt
Salles de sport / Fitness,musculation,Boulogne-Billancourt,Hauts-de-Seine,https://www.google.com/maps/search/musculation+Boulogne-Billancourt
Salles de sport / Fitness,crossfit,Boulogne-Billancourt,Hauts-de-Seine,https://www.google.com/maps/search/crossfit+Boulogne-Billancourt
Épiceries / Supérettes / Primeurs,épicerie,Boulogne-Billancourt,Hauts-de-Seine,https://www.google.com/maps/search/épicerie+Boulogne-Billancourt
Épiceries / Supérettes / Primeurs,supérette,Boulogne-Billancourt,Hauts-de-Seine,https://www.google.com/maps/search/supérette+Boulogne-Billancourt
Épiceries / Supérettes / Primeurs,alimentation générale,Boulogne-Billancourt,Hauts-de-Seine,https://www.google.com/maps/search/alimentation+générale+Boulogne-Billancourt
Épiceries / Supérettes / Primeurs,primeur,Boulogne-Billancourt,Hauts-de-Seine,https://www.google.com/maps/search/primeur+Boulogne-Billancourt
Épiceries / Supérettes / Primeurs,fruits et légumes,Boulogne-Billancourt,Hauts-de-Seine,https://www.google.com/maps/search/fruits+et+légumes+Boulogne-Billancourt
Animaleries / Boutiques pour animaux,animalerie,Boulogne-Billancourt,Hauts-de-Seine,https://www.google.com/maps/search/animalerie+Boulogne-Billancourt
Animaleries / Boutiques pour animaux,boutique pour animaux,Boulogne-Billancourt,Hauts-de-Seine,https://www.google.com/maps/search/boutique+pour+animaux+Boulogne-Billancourt
Animaleries / Boutiques pour animaux,magasin pour animaux,Boulogne-Billancourt,Hauts-de-Seine,https://www.google.com/maps/search/magasin+pour+animaux+Boulogne-Billancourt
Animaleries / Boutiques pour animaux,toilettage chien,Boulogne-Billancourt,Hauts-de-Seine,https://www.google.com/maps/search/toilettage+chien+Boulogne-Billancourt
Animaleries / Boutiques pour animaux,nourriture pour animaux,Boulogne-Billancourt,Hauts-de-Seine,https://www.google.com/maps/search/nourriture+pour+animaux+Boulogne-Billancourt
Poissonneries,poissonnerie,Nanterre,Hauts-de-Seine,https://www.google.com/maps/search/poissonnerie+Nanterre
Poissonneries,poissonnier,Nanterre,Hauts-de-Seine,https://www.google.com/maps/search/poissonnier+Nanterre
Poissonneries,poissonnerie traiteur,Nanterre,Hauts-de-Seine,https://www.google.com/maps/search/poissonnerie+traiteur+Nanterre
Poissonneries,poisson frais,Nanterre,Hauts-de-Seine,https://www.google.com/maps/search/poisson+frais+Nanterre
Stations de lavage auto,station de lavage auto,Nanterre,Hauts-de-Seine,https://www.google.com/maps/search/station+de+lavage+auto+Nanterre
Stations de lavage auto,lavage auto,Nanterre,Hauts-de-Seine,https://www.google.com/maps/search/lavage+auto+Nanterre
Stations de lavage auto,lavage voiture,Nanterre,Hauts-de-Seine,https://www.google.com/maps/search/lavage+voiture+Nanterre
Stations de lavage auto,car wash,Nanterre,Hauts-de-Seine,https://www.google.com/maps/search/car+wash+Nanterre
Stations de lavage auto,lavage sans contact,Nanterre,Hauts-de-Seine,https://www.google.com/maps/search/lavage+sans+contact+Nanterre
Spa,spa,Nanterre,Hauts-de-Seine,https://www.google.com/maps/search/spa+Nanterre
Spa,spa bien-être,Nanterre,Hauts-de-Seine,https://www.google.com/maps/search/spa+bien-être+Nanterre
Spa,spa hammam,Nanterre,Hauts-de-Seine,https://www.google.com/maps/search/spa+hammam+Nanterre
Spa,spa massage,Nanterre,Hauts-de-Seine,https://www.google.com/maps/search/spa+massage+Nanterre
Spa,spa sauna,Nanterre,Hauts-de-Seine,https://www.google.com/maps/search/spa+sauna+Nanterre
Fleuristes,fleuriste,Nanterre,Hauts-de-Seine,https://www.google.com/maps/search/fleuriste+Nanterre
Fleuristes,fleuriste livraison,Nanterre,Hauts-de-Seine,https://www.google.com/maps/search/fleuriste+livraison+Nanterre
Fleuristes,atelier floral,Nanterre,Hauts-de-Seine,https://www.google.com/maps/search/atelier+floral+Nanterre
Fleuristes,bouquet sur mesure,Nanterre,Hauts-de-Seine,https://www.google.com/maps/search/bouquet+sur+mesure+Nanterre
Hammam / Sauna / Piscine,hammam,Nanterre,Hauts-de-Seine,https://www.google.com/maps/search/hammam+Nanterre
Hammam / Sauna / Piscine,sauna,Nanterre,Hauts-de-Seine,https://www.google.com/maps/search/sauna+Nanterre
Hammam / Sauna / Piscine,piscine,Nanterre,Hauts-de-Seine,https://www.google.com/maps/search/piscine+Nanterre
Hammam / Sauna / Piscine,bains vapeur,Nanterre,Hauts-de-Seine,https://www.google.com/maps/search/bains+vapeur+Nanterre
Coiffeurs / Barbiers,salon de coiffure,Nanterre,Hauts-de-Seine,https://www.google.com/maps/search/salon+de+coiffure+Nanterre
Coiffeurs / Barbiers,coiffeur,Nanterre,Hauts-de-Seine,https://www.google.com/maps/search/coiffeur+Nanterre
Coiffeurs / Barbiers,barbier,Nanterre,Hauts-de-Seine,https://www.google.com/maps/search/barbier+Nanterre
Coiffeurs / Barbiers,barbershop,Nanterre,Hauts-de-Seine,https://www.google.com/maps/search/barbershop+Nanterre
Coiffeurs / Barbiers,coiffure homme,Nanterre,Hauts-de-Seine,https://www.google.com/maps/search/coiffure+homme+Nanterre
Instituts de beauté / Ongleries / Tatoueurs,institut de beauté,Nanterre,Hauts-de-Seine,https://www.google.com/maps/search/institut+de+beauté+Nanterre
Instituts de beauté / Ongleries / Tatoueurs,onglerie,Nanterre,Hauts-de-Seine,https://www.google.com/maps/search/onglerie+Nanterre
Instituts de beauté / Ongleries / Tatoueurs,salon de manucure,Nanterre,Hauts-de-Seine,https://www.google.com/maps/search/salon+de+manucure+Nanterre
Instituts de beauté / Ongleries / Tatoueurs,tatoueur,Nanterre,Hauts-de-Seine,https://www.google.com/maps/search/tatoueur+Nanterre
Instituts de beauté / Ongleries / Tatoueurs,piercing,Nanterre,Hauts-de-Seine,https://www.google.com/maps/search/piercing+Nanterre
Imprimeries / Reprographies,imprimerie,Nanterre,Hauts-de-Seine,https://www.google.com/maps/search/imprimerie+Nanterre
Imprimeries / Reprographies,reprographie,Nanterre,Hauts-de-Seine,https://www.google.com/maps/search/reprographie+Nanterre
Imprimeries / Reprographies,impression numérique,Nanterre,Hauts-de-Seine,https://www.google.com/maps/search/impression+numérique+Nanterre
Imprimeries / Reprographies,copy shop,Nanterre,Hauts-de-Seine,https://www.google.com/maps/search/copy+shop+Nanterre
Imprimeries / Reprographies,tirage photocopie,Nanterre,Hauts-de-Seine,https://www.google.com/maps/search/tirage+photocopie+Nanterre
Salles de sport / Fitness,salle de sport,Nanterre,Hauts-de-Seine,https://www.google.com/maps/search/salle+de+sport+Nanterre
Salles de sport / Fitness,fitness,Nanterre,Hauts-de-Seine,https://www.google.com/maps/search/fitness+Nanterre
Salles de sport / Fitness,gym,Nanterre,Hauts-de-Seine,https://www.google.com/maps/search/gym+Nanterre
Salles de sport / Fitness,musculation,Nanterre,Hauts-de-Seine,https://www.google.com/maps/search/musculation+Nanterre
Salles de sport / Fitness,crossfit,Nanterre,Hauts-de-Seine,https://www.google.com/maps/search/crossfit+Nanterre
Épiceries / Supérettes / Primeurs,épicerie,Nanterre,Hauts-de-Seine,https://www.google.com/maps/search/épicerie+Nanterre
Épiceries / Supérettes / Primeurs,supérette,Nanterre,Hauts-de-Seine,https://www.google.com/maps/search/supérette+Nanterre
Épiceries / Supérettes / Primeurs,alimentation générale,Nanterre,Hauts-de-Seine,https://www.google.com/maps/search/alimentation+générale+Nanterre
Épiceries / Supérettes / Primeurs,primeur,Nanterre,Hauts-de-Seine,https://www.google.com/maps/search/primeur+Nanterre
Épiceries / Supérettes / Primeurs,fruits et légumes,Nanterre,Hauts-de-Seine,https://www.google.com/maps/search/fruits+et+légumes+Nanterre
Animaleries / Boutiques pour animaux,animalerie,Nanterre,Hauts-de-Seine,https://www.google.com/maps/search/animalerie+Nanterre
Animaleries / Boutiques pour animaux,boutique pour animaux,Nanterre,Hauts-de-Seine,https://www.google.com/maps/search/boutique+pour+animaux+Nanterre
Animaleries / Boutiques pour animaux,magasin pour animaux,Nanterre,Hauts-de-Seine,https://www.google.com/maps/search/magasin+pour+animaux+Nanterre
Animaleries / Boutiques pour animaux,toilettage chien,Nanterre,Hauts-de-Seine,https://www.google.com/maps/search/toilettage+chien+Nanterre
Animaleries / Boutiques pour animaux,nourriture pour animaux,Nanterre,Hauts-de-Seine,https://www.google.com/maps/search/nourriture+pour+animaux+Nanterre
Poissonneries,poissonnerie,Courbevoie,Hauts-de-Seine,https://www.google.com/maps/search/poissonnerie+Courbevoie
Poissonneries,poissonnier,Courbevoie,Hauts-de-Seine,https://www.google.com/maps/search/poissonnier+Courbevoie
Poissonneries,poissonnerie traiteur,Courbevoie,Hauts-de-Seine,https://www.google.com/maps/search/poissonnerie+traiteur+Courbevoie
Poissonneries,poisson frais,Courbevoie,Hauts-de-Seine,https://www.google.com/maps/search/poisson+frais+Courbevoie
Stations de lavage auto,station de lavage auto,Courbevoie,Hauts-de-Seine,https://www.google.com/maps/search/station+de+lavage+auto+Courbevoie
Stations de lavage auto,lavage auto,Courbevoie,Hauts-de-Seine,https://www.google.com/maps/search/lavage+auto+Courbevoie
Stations de lavage auto,lavage voiture,Courbevoie,Hauts-de-Seine,https://www.google.com/maps/search/lavage+voiture+Courbevoie
Stations de lavage auto,car wash,Courbevoie,Hauts-de-Seine,https://www.google.com/maps/search/car+wash+Courbevoie
Stations de lavage auto,lavage sans contact,Courbevoie,Hauts-de-Seine,https://www.google.com/maps/search/lavage+sans+contact+Courbevoie
Spa,spa,Courbevoie,Hauts-de-Seine,https://www.google.com/maps/search/spa+Courbevoie
Spa,spa bien-être,Courbevoie,Hauts-de-Seine,https://www.google.com/maps/search/spa+bien-être+Courbevoie
Spa,spa hammam,Courbevoie,Hauts-de-Seine,https://www.google.com/maps/search/spa+hammam+Courbevoie
Spa,spa massage,Courbevoie,Hauts-de-Seine,https://www.google.com/maps/search/spa+massage+Courbevoie
Spa,spa sauna,Courbevoie,Hauts-de-Seine,https://www.google.com/maps/search/spa+sauna+Courbevoie
Fleuristes,fleuriste,Courbevoie,Hauts-de-Seine,https://www.google.com/maps/search/fleuriste+Courbevoie
Fleuristes,fleuriste livraison,Courbevoie,Hauts-de-Seine,https://www.google.com/maps/search/fleuriste+livraison+Courbevoie
Fleuristes,atelier floral,Courbevoie,Hauts-de-Seine,https://www.google.com/maps/search/atelier+floral+Courbevoie
Fleuristes,bouquet sur mesure,Courbevoie,Hauts-de-Seine,https://www.google.com/maps/search/bouquet+sur+mesure+Courbevoie
Hammam / Sauna / Piscine,hammam,Courbevoie,Hauts-de-Seine,https://www.google.com/maps/search/hammam+Courbevoie
Hammam / Sauna / Piscine,sauna,Courbevoie,Hauts-de-Seine,https://www.google.com/maps/search/sauna+Courbevoie
Hammam / Sauna / Piscine,piscine,Courbevoie,Hauts-de-Seine,https://www.google.com/maps/search/piscine+Courbevoie
Hammam / Sauna / Piscine,bains vapeur,Courbevoie,Hauts-de-Seine,https://www.google.com/maps/search/bains+vapeur+Courbevoie
Coiffeurs / Barbiers,salon de coiffure,Courbevoie,Hauts-de-Seine,https://www.google.com/maps/search/salon+de+coiffure+Courbevoie
Coiffeurs / Barbiers,coiffeur,Courbevoie,Hauts-de-Seine,https://www.google.com/maps/search/coiffeur+Courbevoie
Coiffeurs / Barbiers,barbier,Courbevoie,Hauts-de-Seine,https://www.google.com/maps/search/barbier+Courbevoie
Coiffeurs / Barbiers,barbershop,Courbevoie,Hauts-de-Seine,https://www.google.com/maps/search/barbershop+Courbevoie
Coiffeurs / Barbiers,coiffure homme,Courbevoie,Hauts-de-Seine,https://www.google.com/maps/search/coiffure+homme+Courbevoie
Instituts de beauté / Ongleries / Tatoueurs,institut de beauté,Courbevoie,Hauts-de-Seine,https://www.google.com/maps/search/institut+de+beauté+Courbevoie
Instituts de beauté / Ongleries / Tatoueurs,onglerie,Courbevoie,Hauts-de-Seine,https://www.google.com/maps/search/onglerie+Courbevoie
Instituts de beauté / Ongleries / Tatoueurs,salon de manucure,Courbevoie,Hauts-de-Seine,https://www.google.com/maps/search/salon+de+manucure+Courbevoie
Instituts de beauté / Ongleries / Tatoueurs,tatoueur,Courbevoie,Hauts-de-Seine,https://www.google.com/maps/search/tatoueur+Courbevoie
Instituts de beauté / Ongleries / Tatoueurs,piercing,Courbevoie,Hauts-de-Seine,https://www.google.com/maps/search/piercing+Courbevoie
Imprimeries / Reprographies,imprimerie,Courbevoie,Hauts-de-Seine,https://www.google.com/maps/search/imprimerie+Courbevoie
Imprimeries / Reprographies,reprographie,Courbevoie,Hauts-de-Seine,https://www.google.com/maps/search/reprographie+Courbevoie
Imprimeries / Reprographies,impression numérique,Courbevoie,Hauts-de-Seine,https://www.google.com/maps/search/impression+numérique+Courbevoie
Imprimeries / Reprographies,copy shop,Courbevoie,Hauts-de-Seine,https://www.google.com/maps/search/copy+shop+Courbevoie
Imprimeries / Reprographies,tirage photocopie,Courbevoie,Hauts-de-Seine,https://www.google.com/maps/search/tirage+photocopie+Courbevoie
Salles de sport / Fitness,salle de sport,Courbevoie,Hauts-de-Seine,https://www.google.com/maps/search/salle+de+sport+Courbevoie
Salles de sport / Fitness,fitness,Courbevoie,Hauts-de-Seine,https://www.google.com/maps/search/fitness+Courbevoie
Salles de sport / Fitness,gym,Courbevoie,Hauts-de-Seine,https://www.google.com/maps/search/gym+Courbevoie
Salles de sport / Fitness,musculation,Courbevoie,Hauts-de-Seine,https://www.google.com/maps/search/musculation+Courbevoie
Salles de sport / Fitness,crossfit,Courbevoie,Hauts-de-Seine,https://www.google.com/maps/search/crossfit+Courbevoie
Épiceries / Supérettes / Primeurs,épicerie,Courbevoie,Hauts-de-Seine,https://www.google.com/maps/search/épicerie+Courbevoie
Épiceries / Supérettes / Primeurs,supérette,Courbevoie,Hauts-de-Seine,https://www.google.com/maps/search/supérette+Courbevoie
Épiceries / Supérettes / Primeurs,alimentation générale,Courbevoie,Hauts-de-Seine,https://www.google.com/maps/search/alimentation+générale+Courbevoie
Épiceries / Supérettes / Primeurs,primeur,Courbevoie,Hauts-de-Seine,https://www.google.com/maps/search/primeur+Courbevoie
Épiceries / Supérettes / Primeurs,fruits et légumes,Courbevoie,Hauts-de-Seine,https://www.google.com/maps/search/fruits+et+légumes+Courbevoie
Animaleries / Boutiques pour animaux,animalerie,Courbevoie,Hauts-de-Seine,https://www.google.com/maps/search/animalerie+Courbevoie
Animaleries / Boutiques pour animaux,boutique pour animaux,Courbevoie,Hauts-de-Seine,https://www.google.com/maps/search/boutique+pour+animaux+Courbevoie
Animaleries / Boutiques pour animaux,magasin pour animaux,Courbevoie,Hauts-de-Seine,https://www.google.com/maps/search/magasin+pour+animaux+Courbevoie
Animaleries / Boutiques pour animaux,toilettage chien,Courbevoie,Hauts-de-Seine,https://www.google.com/maps/search/toilettage+chien+Courbevoie
Animaleries / Boutiques pour animaux,nourriture pour animaux,Courbevoie,Hauts-de-Seine,https://www.google.com/maps/search/nourriture+pour+animaux+Courbevoie
Poissonneries,poissonnerie,Colombes,Hauts-de-Seine,https://www.google.com/maps/search/poissonnerie+Colombes
Poissonneries,poissonnier,Colombes,Hauts-de-Seine,https://www.google.com/maps/search/poissonnier+Colombes
Poissonneries,poissonnerie traiteur,Colombes,Hauts-de-Seine,https://www.google.com/maps/search/poissonnerie+traiteur+Colombes
Poissonneries,poisson frais,Colombes,Hauts-de-Seine,https://www.google.com/maps/search/poisson+frais+Colombes
Stations de lavage auto,station de lavage auto,Colombes,Hauts-de-Seine,https://www.google.com/maps/search/station+de+lavage+auto+Colombes
Stations de lavage auto,lavage auto,Colombes,Hauts-de-Seine,https://www.google.com/maps/search/lavage+auto+Colombes
Stations de lavage auto,lavage voiture,Colombes,Hauts-de-Seine,https://www.google.com/maps/search/lavage+voiture+Colombes
Stations de lavage auto,car wash,Colombes,Hauts-de-Seine,https://www.google.com/maps/search/car+wash+Colombes
Stations de lavage auto,lavage sans contact,Colombes,Hauts-de-Seine,https://www.google.com/maps/search/lavage+sans+contact+Colombes
Spa,spa,Colombes,Hauts-de-Seine,https://www.google.com/maps/search/spa+Colombes
Spa,spa bien-être,Colombes,Hauts-de-Seine,https://www.google.com/maps/search/spa+bien-être+Colombes
Spa,spa hammam,Colombes,Hauts-de-Seine,https://www.google.com/maps/search/spa+hammam+Colombes
Spa,spa massage,Colombes,Hauts-de-Seine,https://www.google.com/maps/search/spa+massage+Colombes
Spa,spa sauna,Colombes,Hauts-de-Seine,https://www.google.com/maps/search/spa+sauna+Colombes
Fleuristes,fleuriste,Colombes,Hauts-de-Seine,https://www.google.com/maps/search/fleuriste+Colombes
Fleuristes,fleuriste livraison,Colombes,Hauts-de-Seine,https://www.google.com/maps/search/fleuriste+livraison+Colombes
Fleuristes,atelier floral,Colombes,Hauts-de-Seine,https://www.google.com/maps/search/atelier+floral+Colombes
Fleuristes,bouquet sur mesure,Colombes,Hauts-de-Seine,https://www.google.com/maps/search/bouquet+sur+mesure+Colombes
Hammam / Sauna / Piscine,hammam,Colombes,Hauts-de-Seine,https://www.google.com/maps/search/hammam+Colombes
Hammam / Sauna / Piscine,sauna,Colombes,Hauts-de-Seine,https://www.google.com/maps/search/sauna+Colombes
Hammam / Sauna / Piscine,piscine,Colombes,Hauts-de-Seine,https://www.google.com/maps/search/piscine+Colombes
Hammam / Sauna / Piscine,bains vapeur,Colombes,Hauts-de-Seine,https://www.google.com/maps/search/bains+vapeur+Colombes
Coiffeurs / Barbiers,salon de coiffure,Colombes,Hauts-de-Seine,https://www.google.com/maps/search/salon+de+coiffure+Colombes
Coiffeurs / Barbiers,coiffeur,Colombes,Hauts-de-Seine,https://www.google.com/maps/search/coiffeur+Colombes
Coiffeurs / Barbiers,barbier,Colombes,Hauts-de-Seine,https://www.google.com/maps/search/barbier+Colombes
Coiffeurs / Barbiers,barbershop,Colombes,Hauts-de-Seine,https://www.google.com/maps/search/barbershop+Colombes
Coiffeurs / Barbiers,coiffure homme,Colombes,Hauts-de-Seine,https://www.google.com/maps/search/coiffure+homme+Colombes
Instituts de beauté / Ongleries / Tatoueurs,institut de beauté,Colombes,Hauts-de-Seine,https://www.google.com/maps/search/institut+de+beauté+Colombes
Instituts de beauté / Ongleries / Tatoueurs,onglerie,Colombes,Hauts-de-Seine,https://www.google.com/maps/search/onglerie+Colombes
Instituts de beauté / Ongleries / Tatoueurs,salon de manucure,Colombes,Hauts-de-Seine,https://www.google.com/maps/search/salon+de+manucure+Colombes
Instituts de beauté / Ongleries / Tatoueurs,tatoueur,Colombes,Hauts-de-Seine,https://www.google.com/maps/search/tatoueur+Colombes
Instituts de beauté / Ongleries / Tatoueurs,piercing,Colombes,Hauts-de-Seine,https://www.google.com/maps/search/piercing+Colombes
Imprimeries / Reprographies,imprimerie,Colombes,Hauts-de-Seine,https://www.google.com/maps/search/imprimerie+Colombes
Imprimeries / Reprographies,reprographie,Colombes,Hauts-de-Seine,https://www.google.com/maps/search/reprographie+Colombes
Imprimeries / Reprographies,impression numérique,Colombes,Hauts-de-Seine,https://www.google.com/maps/search/impression+numérique+Colombes
Imprimeries / Reprographies,copy shop,Colombes,Hauts-de-Seine,https://www.google.com/maps/search/copy+shop+Colombes
Imprimeries / Reprographies,tirage photocopie,Colombes,Hauts-de-Seine,https://www.google.com/maps/search/tirage+photocopie+Colombes
Salles de sport / Fitness,salle de sport,Colombes,Hauts-de-Seine,https://www.google.com/maps/search/salle+de+sport+Colombes
Salles de sport / Fitness,fitness,Colombes,Hauts-de-Seine,https://www.google.com/maps/search/fitness+Colombes
Salles de sport / Fitness,gym,Colombes,Hauts-de-Seine,https://www.google.com/maps/search/gym+Colombes
Salles de sport / Fitness,musculation,Colombes,Hauts-de-Seine,https://www.google.com/maps/search/musculation+Colombes
Salles de sport / Fitness,crossfit,Colombes,Hauts-de-Seine,https://www.google.com/maps/search/crossfit+Colombes
Épiceries / Supérettes / Primeurs,épicerie,Colombes,Hauts-de-Seine,https://www.google.com/maps/search/épicerie+Colombes
Épiceries / Supérettes / Primeurs,supérette,Colombes,Hauts-de-Seine,https://www.google.com/maps/search/supérette+Colombes
Épiceries / Supérettes / Primeurs,alimentation générale,Colombes,Hauts-de-Seine,https://www.google.com/maps/search/alimentation+générale+Colombes
Épiceries / Supérettes / Primeurs,primeur,Colombes,Hauts-de-Seine,https://www.google.com/maps/search/primeur+Colombes
Épiceries / Supérettes / Primeurs,fruits et légumes,Colombes,Hauts-de-Seine,https://www.google.com/maps/search/fruits+et+légumes+Colombes
Animaleries / Boutiques pour animaux,animalerie,Colombes,Hauts-de-Seine,https://www.google.com/maps/search/animalerie+Colombes
Animaleries / Boutiques pour animaux,boutique pour animaux,Colombes,Hauts-de-Seine,https://www.google.com/maps/search/boutique+pour+animaux+Colombes
Animaleries / Boutiques pour animaux,magasin pour animaux,Colombes,Hauts-de-Seine,https://www.google.com/maps/search/magasin+pour+animaux+Colombes
Animaleries / Boutiques pour animaux,toilettage chien,Colombes,Hauts-de-Seine,https://www.google.com/maps/search/toilettage+chien+Colombes
Animaleries / Boutiques pour animaux,nourriture pour animaux,Colombes,Hauts-de-Seine,https://www.google.com/maps/search/nourriture+pour+animaux+Colombes
Poissonneries,poissonnerie,Asnières-sur-Seine,Hauts-de-Seine,https://www.google.com/maps/search/poissonnerie+Asnières-sur-Seine
Poissonneries,poissonnier,Asnières-sur-Seine,Hauts-de-Seine,https://www.google.com/maps/search/poissonnier+Asnières-sur-Seine
Poissonneries,poissonnerie traiteur,Asnières-sur-Seine,Hauts-de-Seine,https://www.google.com/maps/search/poissonnerie+traiteur+Asnières-sur-Seine
Poissonneries,poisson frais,Asnières-sur-Seine,Hauts-de-Seine,https://www.google.com/maps/search/poisson+frais+Asnières-sur-Seine
Stations de lavage auto,station de lavage auto,Asnières-sur-Seine,Hauts-de-Seine,https://www.google.com/maps/search/station+de+lavage+auto+Asnières-sur-Seine
Stations de lavage auto,lavage auto,Asnières-sur-Seine,Hauts-de-Seine,https://www.google.com/maps/search/lavage+auto+Asnières-sur-Seine
Stations de lavage auto,lavage voiture,Asnières-sur-Seine,Hauts-de-Seine,https://www.google.com/maps/search/lavage+voiture+Asnières-sur-Seine
Stations de lavage auto,car wash,Asnières-sur-Seine,Hauts-de-Seine,https://www.google.com/maps/search/car+wash+Asnières-sur-Seine
Stations de lavage auto,lavage sans contact,Asnières-sur-Seine,Hauts-de-Seine,https://www.google.com/maps/search/lavage+sans+contact+Asnières-sur-Seine
Spa,spa,Asnières-sur-Seine,Hauts-de-Seine,https://www.google.com/maps/search/spa+Asnières-sur-Seine
Spa,spa bien-être,Asnières-sur-Seine,Hauts-de-Seine,https://www.google.com/maps/search/spa+bien-être+Asnières-sur-Seine
Spa,spa hammam,Asnières-sur-Seine,Hauts-de-Seine,https://www.google.com/maps/search/spa+hammam+Asnières-sur-Seine
Spa,spa massage,Asnières-sur-Seine,Hauts-de-Seine,https://www.google.com/maps/search/spa+massage+Asnières-sur-Seine
Spa,spa sauna,Asnières-sur-Seine,Hauts-de-Seine,https://www.google.com/maps/search/spa+sauna+Asnières-sur-Seine
Fleuristes,fleuriste,Asnières-sur-Seine,Hauts-de-Seine,https://www.google.com/maps/search/fleuriste+Asnières-sur-Seine
Fleuristes,fleuriste livraison,Asnières-sur-Seine,Hauts-de-Seine,https://www.google.com/maps/search/fleuriste+livraison+Asnières-sur-Seine
Fleuristes,atelier floral,Asnières-sur-Seine,Hauts-de-Seine,https://www.google.com/maps/search/atelier+floral+Asnières-sur-Seine
Fleuristes,bouquet sur mesure,Asnières-sur-Seine,Hauts-de-Seine,https://www.google.com/maps/search/bouquet+sur+mesure+Asnières-sur-Seine
Hammam / Sauna / Piscine,hammam,Asnières-sur-Seine,Hauts-de-Seine,https://www.google.com/maps/search/hammam+Asnières-sur-Seine
Hammam / Sauna / Piscine,sauna,Asnières-sur-Seine,Hauts-de-Seine,https://www.google.com/maps/search/sauna+Asnières-sur-Seine
Hammam / Sauna / Piscine,piscine,Asnières-sur-Seine,Hauts-de-Seine,https://www.google.com/maps/search/piscine+Asnières-sur-Seine
Hammam / Sauna / Piscine,bains vapeur,Asnières-sur-Seine,Hauts-de-Seine,https://www.google.com/maps/search/bains+vapeur+Asnières-sur-Seine
Coiffeurs / Barbiers,salon de coiffure,Asnières-sur-Seine,Hauts-de-Seine,https://www.google.com/maps/search/salon+de+coiffure+Asnières-sur-Seine
Coiffeurs / Barbiers,coiffeur,Asnières-sur-Seine,Hauts-de-Seine,https://www.google.com/maps/search/coiffeur+Asnières-sur-Seine
Coiffeurs / Barbiers,barbier,Asnières-sur-Seine,Hauts-de-Seine,https://www.google.com/maps/search/barbier+Asnières-sur-Seine
Coiffeurs / Barbiers,barbershop,Asnières-sur-Seine,Hauts-de-Seine,https://www.google.com/maps/search/barbershop+Asnières-sur-Seine
Coiffeurs / Barbiers,coiffure homme,Asnières-sur-Seine,Hauts-de-Seine,https://www.google.com/maps/search/coiffure+homme+Asnières-sur-Seine
Instituts de beauté / Ongleries / Tatoueurs,institut de beauté,Asnières-sur-Seine,Hauts-de-Seine,https://www.google.com/maps/search/institut+de+beauté+Asnières-sur-Seine
Instituts de beauté / Ongleries / Tatoueurs,onglerie,Asnières-sur-Seine,Hauts-de-Seine,https://www.google.com/maps/search/onglerie+Asnières-sur-Seine
Instituts de beauté / Ongleries / Tatoueurs,salon de manucure,Asnières-sur-Seine,Hauts-de-Seine,https://www.google.com/maps/search/salon+de+manucure+Asnières-sur-Seine
Instituts de beauté / Ongleries / Tatoueurs,tatoueur,Asnières-sur-Seine,Hauts-de-Seine,https://www.google.com/maps/search/tatoueur+Asnières-sur-Seine
Instituts de beauté / Ongleries / Tatoueurs,piercing,Asnières-sur-Seine,Hauts-de-Seine,https://www.google.com/maps/search/piercing+Asnières-sur-Seine
Imprimeries / Reprographies,imprimerie,Asnières-sur-Seine,Hauts-de-Seine,https://www.google.com/maps/search/imprimerie+Asnières-sur-Seine
Imprimeries / Reprographies,reprographie,Asnières-sur-Seine,Hauts-de-Seine,https://www.google.com/maps/search/reprographie+Asnières-sur-Seine
Imprimeries / Reprographies,impression numérique,Asnières-sur-Seine,Hauts-de-Seine,https://www.google.com/maps/search/impression+numérique+Asnières-sur-Seine
Imprimeries / Reprographies,copy shop,Asnières-sur-Seine,Hauts-de-Seine,https://www.google.com/maps/search/copy+shop+Asnières-sur-Seine
Imprimeries / Reprographies,tirage photocopie,Asnières-sur-Seine,Hauts-de-Seine,https://www.google.com/maps/search/tirage+photocopie+Asnières-sur-Seine
Salles de sport / Fitness,salle de sport,Asnières-sur-Seine,Hauts-de-Seine,https://www.google.com/maps/search/salle+de+sport+Asnières-sur-Seine
Salles de sport / Fitness,fitness,Asnières-sur-Seine,Hauts-de-Seine,https://www.google.com/maps/search/fitness+Asnières-sur-Seine
Salles de sport / Fitness,gym,Asnières-sur-Seine,Hauts-de-Seine,https://www.google.com/maps/search/gym+Asnières-sur-Seine
Salles de sport / Fitness,musculation,Asnières-sur-Seine,Hauts-de-Seine,https://www.google.com/maps/search/musculation+Asnières-sur-Seine
Salles de sport / Fitness,crossfit,Asnières-sur-Seine,Hauts-de-Seine,https://www.google.com/maps/search/crossfit+Asnières-sur-Seine
Épiceries / Supérettes / Primeurs,épicerie,Asnières-sur-Seine,Hauts-de-Seine,https://www.google.com/maps/search/épicerie+Asnières-sur-Seine
Épiceries / Supérettes / Primeurs,supérette,Asnières-sur-Seine,Hauts-de-Seine,https://www.google.com/maps/search/supérette+Asnières-sur-Seine
Épiceries / Supérettes / Primeurs,alimentation générale,Asnières-sur-Seine,Hauts-de-Seine,https://www.google.com/maps/search/alimentation+générale+Asnières-sur-Seine
Épiceries / Supérettes / Primeurs,primeur,Asnières-sur-Seine,Hauts-de-Seine,https://www.google.com/maps/search/primeur+Asnières-sur-Seine
Épiceries / Supérettes / Primeurs,fruits et légumes,Asnières-sur-Seine,Hauts-de-Seine,https://www.google.com/maps/search/fruits+et+légumes+Asnières-sur-Seine
Animaleries / Boutiques pour animaux,animalerie,Asnières-sur-Seine,Hauts-de-Seine,https://www.google.com/maps/search/animalerie+Asnières-sur-Seine
Animaleries / Boutiques pour animaux,boutique pour animaux,Asnières-sur-Seine,Hauts-de-Seine,https://www.google.com/maps/search/boutique+pour+animaux+Asnières-sur-Seine
Animaleries / Boutiques pour animaux,magasin pour animaux,Asnières-sur-Seine,Hauts-de-Seine,https://www.google.com/maps/search/magasin+pour+animaux+Asnières-sur-Seine
Animaleries / Boutiques pour animaux,toilettage chien,Asnières-sur-Seine,Hauts-de-Seine,https://www.google.com/maps/search/toilettage+chien+Asnières-sur-Seine
Animaleries / Boutiques pour animaux,nourriture pour animaux,Asnières-sur-Seine,Hauts-de-Seine,https://www.google.com/maps/search/nourriture+pour+animaux+Asnières-sur-Seine
Poissonneries,poissonnerie,Levallois-Perret,Hauts-de-Seine,https://www.google.com/maps/search/poissonnerie+Levallois-Perret
Poissonneries,poissonnier,Levallois-Perret,Hauts-de-Seine,https://www.google.com/maps/search/poissonnier+Levallois-Perret
Poissonneries,poissonnerie traiteur,Levallois-Perret,Hauts-de-Seine,https://www.google.com/maps/search/poissonnerie+traiteur+Levallois-Perret
Poissonneries,poisson frais,Levallois-Perret,Hauts-de-Seine,https://www.google.com/maps/search/poisson+frais+Levallois-Perret
Stations de lavage auto,station de lavage auto,Levallois-Perret,Hauts-de-Seine,https://www.google.com/maps/search/station+de+lavage+auto+Levallois-Perret
Stations de lavage auto,lavage auto,Levallois-Perret,Hauts-de-Seine,https://www.google.com/maps/search/lavage+auto+Levallois-Perret
Stations de lavage auto,lavage voiture,Levallois-Perret,Hauts-de-Seine,https://www.google.com/maps/search/lavage+voiture+Levallois-Perret
Stations de lavage auto,car wash,Levallois-Perret,Hauts-de-Seine,https://www.google.com/maps/search/car+wash+Levallois-Perret
Stations de lavage auto,lavage sans contact,Levallois-Perret,Hauts-de-Seine,https://www.google.com/maps/search/lavage+sans+contact+Levallois-Perret
Spa,spa,Levallois-Perret,Hauts-de-Seine,https://www.google.com/maps/search/spa+Levallois-Perret
Spa,spa bien-être,Levallois-Perret,Hauts-de-Seine,https://www.google.com/maps/search/spa+bien-être+Levallois-Perret
Spa,spa hammam,Levallois-Perret,Hauts-de-Seine,https://www.google.com/maps/search/spa+hammam+Levallois-Perret
Spa,spa massage,Levallois-Perret,Hauts-de-Seine,https://www.google.com/maps/search/spa+massage+Levallois-Perret
Spa,spa sauna,Levallois-Perret,Hauts-de-Seine,https://www.google.com/maps/search/spa+sauna+Levallois-Perret
Fleuristes,fleuriste,Levallois-Perret,Hauts-de-Seine,https://www.google.com/maps/search/fleuriste+Levallois-Perret
Fleuristes,fleuriste livraison,Levallois-Perret,Hauts-de-Seine,https://www.google.com/maps/search/fleuriste+livraison+Levallois-Perret
Fleuristes,atelier floral,Levallois-Perret,Hauts-de-Seine,https://www.google.com/maps/search/atelier+floral+Levallois-Perret
Fleuristes,bouquet sur mesure,Levallois-Perret,Hauts-de-Seine,https://www.google.com/maps/search/bouquet+sur+mesure+Levallois-Perret
Hammam / Sauna / Piscine,hammam,Levallois-Perret,Hauts-de-Seine,https://www.google.com/maps/search/hammam+Levallois-Perret
Hammam / Sauna / Piscine,sauna,Levallois-Perret,Hauts-de-Seine,https://www.google.com/maps/search/sauna+Levallois-Perret
Hammam / Sauna / Piscine,piscine,Levallois-Perret,Hauts-de-Seine,https://www.google.com/maps/search/piscine+Levallois-Perret
Hammam / Sauna / Piscine,bains vapeur,Levallois-Perret,Hauts-de-Seine,https://www.google.com/maps/search/bains+vapeur+Levallois-Perret
Coiffeurs / Barbiers,salon de coiffure,Levallois-Perret,Hauts-de-Seine,https://www.google.com/maps/search/salon+de+coiffure+Levallois-Perret
Coiffeurs / Barbiers,coiffeur,Levallois-Perret,Hauts-de-Seine,https://www.google.com/maps/search/coiffeur+Levallois-Perret
Coiffeurs / Barbiers,barbier,Levallois-Perret,Hauts-de-Seine,https://www.google.com/maps/search/barbier+Levallois-Perret
Coiffeurs / Barbiers,barbershop,Levallois-Perret,Hauts-de-Seine,https://www.google.com/maps/search/barbershop+Levallois-Perret
Coiffeurs / Barbiers,coiffure homme,Levallois-Perret,Hauts-de-Seine,https://www.google.com/maps/search/coiffure+homme+Levallois-Perret
Instituts de beauté / Ongleries / Tatoueurs,institut de beauté,Levallois-Perret,Hauts-de-Seine,https://www.google.com/maps/search/institut+de+beauté+Levallois-Perret
Instituts de beauté / Ongleries / Tatoueurs,onglerie,Levallois-Perret,Hauts-de-Seine,https://www.google.com/maps/search/onglerie+Levallois-Perret
Instituts de beauté / Ongleries / Tatoueurs,salon de manucure,Levallois-Perret,Hauts-de-Seine,https://www.google.com/maps/search/salon+de+manucure+Levallois-Perret
Instituts de beauté / Ongleries / Tatoueurs,tatoueur,Levallois-Perret,Hauts-de-Seine,https://www.google.com/maps/search/tatoueur+Levallois-Perret
Instituts de beauté / Ongleries / Tatoueurs,piercing,Levallois-Perret,Hauts-de-Seine,https://www.google.com/maps/search/piercing+Levallois-Perret
Imprimeries / Reprographies,imprimerie,Levallois-Perret,Hauts-de-Seine,https://www.google.com/maps/search/imprimerie+Levallois-Perret
Imprimeries / Reprographies,reprographie,Levallois-Perret,Hauts-de-Seine,https://www.google.com/maps/search/reprographie+Levallois-Perret
Imprimeries / Reprographies,impression numérique,Levallois-Perret,Hauts-de-Seine,https://www.google.com/maps/search/impression+numérique+Levallois-Perret
Imprimeries / Reprographies,copy shop,Levallois-Perret,Hauts-de-Seine,https://www.google.com/maps/search/copy+shop+Levallois-Perret
Imprimeries / Reprographies,tirage photocopie,Levallois-Perret,Hauts-de-Seine,https://www.google.com/maps/search/tirage+photocopie+Levallois-Perret
Salles de sport / Fitness,salle de sport,Levallois-Perret,Hauts-de-Seine,https://www.google.com/maps/search/salle+de+sport+Levallois-Perret
Salles de sport / Fitness,fitness,Levallois-Perret,Hauts-de-Seine,https://www.google.com/maps/search/fitness+Levallois-Perret
Salles de sport / Fitness,gym,Levallois-Perret,Hauts-de-Seine,https://www.google.com/maps/search/gym+Levallois-Perret
Salles de sport / Fitness,musculation,Levallois-Perret,Hauts-de-Seine,https://www.google.com/maps/search/musculation+Levallois-Perret
Salles de sport / Fitness,crossfit,Levallois-Perret,Hauts-de-Seine,https://www.google.com/maps/search/crossfit+Levallois-Perret
Épiceries / Supérettes / Primeurs,épicerie,Levallois-Perret,Hauts-de-Seine,https://www.google.com/maps/search/épicerie+Levallois-Perret
Épiceries / Supérettes / Primeurs,supérette,Levallois-Perret,Hauts-de-Seine,https://www.google.com/maps/search/supérette+Levallois-Perret
Épiceries / Supérettes / Primeurs,alimentation générale,Levallois-Perret,Hauts-de-Seine,https://www.google.com/maps/search/alimentation+générale+Levallois-Perret
Épiceries / Supérettes / Primeurs,primeur,Levallois-Perret,Hauts-de-Seine,https://www.google.com/maps/search/primeur+Levallois-Perret
Épiceries / Supérettes / Primeurs,fruits et légumes,Levallois-Perret,Hauts-de-Seine,https://www.google.com/maps/search/fruits+et+légumes+Levallois-Perret
Animaleries / Boutiques pour animaux,animalerie,Levallois-Perret,Hauts-de-Seine,https://www.google.com/maps/search/animalerie+Levallois-Perret
Animaleries / Boutiques pour animaux,boutique pour animaux,Levallois-Perret,Hauts-de-Seine,https://www.google.com/maps/search/boutique+pour+animaux+Levallois-Perret
Animaleries / Boutiques pour animaux,magasin pour animaux,Levallois-Perret,Hauts-de-Seine,https://www.google.com/maps/search/magasin+pour+animaux+Levallois-Perret
Animaleries / Boutiques pour animaux,toilettage chien,Levallois-Perret,Hauts-de-Seine,https://www.google.com/maps/search/toilettage+chien+Levallois-Perret
Animaleries / Boutiques pour animaux,nourriture pour animaux,Levallois-Perret,Hauts-de-Seine,https://www.google.com/maps/search/nourriture+pour+animaux+Levallois-Perret
Poissonneries,poissonnerie,Issy-les-Moulineaux,Hauts-de-Seine,https://www.google.com/maps/search/poissonnerie+Issy-les-Moulineaux
Poissonneries,poissonnier,Issy-les-Moulineaux,Hauts-de-Seine,https://www.google.com/maps/search/poissonnier+Issy-les-Moulineaux
Poissonneries,poissonnerie traiteur,Issy-les-Moulineaux,Hauts-de-Seine,https://www.google.com/maps/search/poissonnerie+traiteur+Issy-les-Moulineaux
Poissonneries,poisson frais,Issy-les-Moulineaux,Hauts-de-Seine,https://www.google.com/maps/search/poisson+frais+Issy-les-Moulineaux
Stations de lavage auto,station de lavage auto,Issy-les-Moulineaux,Hauts-de-Seine,https://www.google.com/maps/search/station+de+lavage+auto+Issy-les-Moulineaux
Stations de lavage auto,lavage auto,Issy-les-Moulineaux,Hauts-de-Seine,https://www.google.com/maps/search/lavage+auto+Issy-les-Moulineaux
Stations de lavage auto,lavage voiture,Issy-les-Moulineaux,Hauts-de-Seine,https://www.google.com/maps/search/lavage+voiture+Issy-les-Moulineaux
Stations de lavage auto,car wash,Issy-les-Moulineaux,Hauts-de-Seine,https://www.google.com/maps/search/car+wash+Issy-les-Moulineaux
Stations de lavage auto,lavage sans contact,Issy-les-Moulineaux,Hauts-de-Seine,https://www.google.com/maps/search/lavage+sans+contact+Issy-les-Moulineaux
Spa,spa,Issy-les-Moulineaux,Hauts-de-Seine,https://www.google.com/maps/search/spa+Issy-les-Moulineaux
Spa,spa bien-être,Issy-les-Moulineaux,Hauts-de-Seine,https://www.google.com/maps/search/spa+bien-être+Issy-les-Moulineaux
Spa,spa hammam,Issy-les-Moulineaux,Hauts-de-Seine,https://www.google.com/maps/search/spa+hammam+Issy-les-Moulineaux
Spa,spa massage,Issy-les-Moulineaux,Hauts-de-Seine,https://www.google.com/maps/search/spa+massage+Issy-les-Moulineaux
Spa,spa sauna,Issy-les-Moulineaux,Hauts-de-Seine,https://www.google.com/maps/search/spa+sauna+Issy-les-Moulineaux
Fleuristes,fleuriste,Issy-les-Moulineaux,Hauts-de-Seine,https://www.google.com/maps/search/fleuriste+Issy-les-Moulineaux
Fleuristes,fleuriste livraison,Issy-les-Moulineaux,Hauts-de-Seine,https://www.google.com/maps/search/fleuriste+livraison+Issy-les-Moulineaux
Fleuristes,atelier floral,Issy-les-Moulineaux,Hauts-de-Seine,https://www.google.com/maps/search/atelier+floral+Issy-les-Moulineaux
Fleuristes,bouquet sur mesure,Issy-les-Moulineaux,Hauts-de-Seine,https://www.google.com/maps/search/bouquet+sur+mesure+Issy-les-Moulineaux
Hammam / Sauna / Piscine,hammam,Issy-les-Moulineaux,Hauts-de-Seine,https://www.google.com/maps/search/hammam+Issy-les-Moulineaux
Hammam / Sauna / Piscine,sauna,Issy-les-Moulineaux,Hauts-de-Seine,https://www.google.com/maps/search/sauna+Issy-les-Moulineaux
Hammam / Sauna / Piscine,piscine,Issy-les-Moulineaux,Hauts-de-Seine,https://www.google.com/maps/search/piscine+Issy-les-Moulineaux
Hammam / Sauna / Piscine,bains vapeur,Issy-les-Moulineaux,Hauts-de-Seine,https://www.google.com/maps/search/bains+vapeur+Issy-les-Moulineaux
Coiffeurs / Barbiers,salon de coiffure,Issy-les-Moulineaux,Hauts-de-Seine,https://www.google.com/maps/search/salon+de+coiffure+Issy-les-Moulineaux
Coiffeurs / Barbiers,coiffeur,Issy-les-Moulineaux,Hauts-de-Seine,https://www.google.com/maps/search/coiffeur+Issy-les-Moulineaux
Coiffeurs / Barbiers,barbier,Issy-les-Moulineaux,Hauts-de-Seine,https://www.google.com/maps/search/barbier+Issy-les-Moulineaux
Coiffeurs / Barbiers,barbershop,Issy-les-Moulineaux,Hauts-de-Seine,https://www.google.com/maps/search/barbershop+Issy-les-Moulineaux
Coiffeurs / Barbiers,coiffure homme,Issy-les-Moulineaux,Hauts-de-Seine,https://www.google.com/maps/search/coiffure+homme+Issy-les-Moulineaux
Instituts de beauté / Ongleries / Tatoueurs,institut de beauté,Issy-les-Moulineaux,Hauts-de-Seine,https://www.google.com/maps/search/institut+de+beauté+Issy-les-Moulineaux
Instituts de beauté / Ongleries / Tatoueurs,onglerie,Issy-les-Moulineaux,Hauts-de-Seine,https://www.google.com/maps/search/onglerie+Issy-les-Moulineaux
Instituts de beauté / Ongleries / Tatoueurs,salon de manucure,Issy-les-Moulineaux,Hauts-de-Seine,https://www.google.com/maps/search/salon+de+manucure+Issy-les-Moulineaux
Instituts de beauté / Ongleries / Tatoueurs,tatoueur,Issy-les-Moulineaux,Hauts-de-Seine,https://www.google.com/maps/search/tatoueur+Issy-les-Moulineaux
Instituts de beauté / Ongleries / Tatoueurs,piercing,Issy-les-Moulineaux,Hauts-de-Seine,https://www.google.com/maps/search/piercing+Issy-les-Moulineaux
Imprimeries / Reprographies,imprimerie,Issy-les-Moulineaux,Hauts-de-Seine,https://www.google.com/maps/search/imprimerie+Issy-les-Moulineaux
Imprimeries / Reprographies,reprographie,Issy-les-Moulineaux,Hauts-de-Seine,https://www.google.com/maps/search/reprographie+Issy-les-Moulineaux
Imprimeries / Reprographies,impression numérique,Issy-les-Moulineaux,Hauts-de-Seine,https://www.google.com/maps/search/impression+numérique+Issy-les-Moulineaux
Imprimeries / Reprographies,copy shop,Issy-les-Moulineaux,Hauts-de-Seine,https://www.google.com/maps/search/copy+shop+Issy-les-Moulineaux
Imprimeries / Reprographies,tirage photocopie,Issy-les-Moulineaux,Hauts-de-Seine,https://www.google.com/maps/search/tirage+photocopie+Issy-les-Moulineaux
Salles de sport / Fitness,salle de sport,Issy-les-Moulineaux,Hauts-de-Seine,https://www.google.com/maps/search/salle+de+sport+Issy-les-Moulineaux
Salles de sport / Fitness,fitness,Issy-les-Moulineaux,Hauts-de-Seine,https://www.google.com/maps/search/fitness+Issy-les-Moulineaux
Salles de sport / Fitness,gym,Issy-les-Moulineaux,Hauts-de-Seine,https://www.google.com/maps/search/gym+Issy-les-Moulineaux
Salles de sport / Fitness,musculation,Issy-les-Moulineaux,Hauts-de-Seine,https://www.google.com/maps/search/musculation+Issy-les-Moulineaux
Salles de sport / Fitness,crossfit,Issy-les-Moulineaux,Hauts-de-Seine,https://www.google.com/maps/search/crossfit+Issy-les-Moulineaux
Épiceries / Supérettes / Primeurs,épicerie,Issy-les-Moulineaux,Hauts-de-Seine,https://www.google.com/maps/search/épicerie+Issy-les-Moulineaux
Épiceries / Supérettes / Primeurs,supérette,Issy-les-Moulineaux,Hauts-de-Seine,https://www.google.com/maps/search/supérette+Issy-les-Moulineaux
Épiceries / Supérettes / Primeurs,alimentation générale,Issy-les-Moulineaux,Hauts-de-Seine,https://www.google.com/maps/search/alimentation+générale+Issy-les-Moulineaux
Épiceries / Supérettes / Primeurs,primeur,Issy-les-Moulineaux,Hauts-de-Seine,https://www.google.com/maps/search/primeur+Issy-les-Moulineaux
Épiceries / Supérettes / Primeurs,fruits et légumes,Issy-les-Moulineaux,Hauts-de-Seine,https://www.google.com/maps/search/fruits+et+légumes+Issy-les-Moulineaux
Animaleries / Boutiques pour animaux,animalerie,Issy-les-Moulineaux,Hauts-de-Seine,https://www.google.com/maps/search/animalerie+Issy-les-Moulineaux
Animaleries / Boutiques pour animaux,boutique pour animaux,Issy-les-Moulineaux,Hauts-de-Seine,https://www.google.com/maps/search/boutique+pour+animaux+Issy-les-Moulineaux
Animaleries / Boutiques pour animaux,magasin pour animaux,Issy-les-Moulineaux,Hauts-de-Seine,https://www.google.com/maps/search/magasin+pour+animaux+Issy-les-Moulineaux
Animaleries / Boutiques pour animaux,toilettage chien,Issy-les-Moulineaux,Hauts-de-Seine,https://www.google.com/maps/search/toilettage+chien+Issy-les-Moulineaux
Animaleries / Boutiques pour animaux,nourriture pour animaux,Issy-les-Moulineaux,Hauts-de-Seine,https://www.google.com/maps/search/nourriture+pour+animaux+Issy-les-Moulineaux
Poissonneries,poissonnerie,Neuilly-sur-Seine,Hauts-de-Seine,https://www.google.com/maps/search/poissonnerie+Neuilly-sur-Seine
Poissonneries,poissonnier,Neuilly-sur-Seine,Hauts-de-Seine,https://www.google.com/maps/search/poissonnier+Neuilly-sur-Seine
Poissonneries,poissonnerie traiteur,Neuilly-sur-Seine,Hauts-de-Seine,https://www.google.com/maps/search/poissonnerie+traiteur+Neuilly-sur-Seine
Poissonneries,poisson frais,Neuilly-sur-Seine,Hauts-de-Seine,https://www.google.com/maps/search/poisson+frais+Neuilly-sur-Seine
Stations de lavage auto,station de lavage auto,Neuilly-sur-Seine,Hauts-de-Seine,https://www.google.com/maps/search/station+de+lavage+auto+Neuilly-sur-Seine
Stations de lavage auto,lavage auto,Neuilly-sur-Seine,Hauts-de-Seine,https://www.google.com/maps/search/lavage+auto+Neuilly-sur-Seine
Stations de lavage auto,lavage voiture,Neuilly-sur-Seine,Hauts-de-Seine,https://www.google.com/maps/search/lavage+voiture+Neuilly-sur-Seine
Stations de lavage auto,car wash,Neuilly-sur-Seine,Hauts-de-Seine,https://www.google.com/maps/search/car+wash+Neuilly-sur-Seine
Stations de lavage auto,lavage sans contact,Neuilly-sur-Seine,Hauts-de-Seine,https://www.google.com/maps/search/lavage+sans+contact+Neuilly-sur-Seine
Spa,spa,Neuilly-sur-Seine,Hauts-de-Seine,https://www.google.com/maps/search/spa+Neuilly-sur-Seine
Spa,spa bien-être,Neuilly-sur-Seine,Hauts-de-Seine,https://www.google.com/maps/search/spa+bien-être+Neuilly-sur-Seine
Spa,spa hammam,Neuilly-sur-Seine,Hauts-de-Seine,https://www.google.com/maps/search/spa+hammam+Neuilly-sur-Seine
Spa,spa massage,Neuilly-sur-Seine,Hauts-de-Seine,https://www.google.com/maps/search/spa+massage+Neuilly-sur-Seine
Spa,spa sauna,Neuilly-sur-Seine,Hauts-de-Seine,https://www.google.com/maps/search/spa+sauna+Neuilly-sur-Seine
Fleuristes,fleuriste,Neuilly-sur-Seine,Hauts-de-Seine,https://www.google.com/maps/search/fleuriste+Neuilly-sur-Seine
Fleuristes,fleuriste livraison,Neuilly-sur-Seine,Hauts-de-Seine,https://www.google.com/maps/search/fleuriste+livraison+Neuilly-sur-Seine
Fleuristes,atelier floral,Neuilly-sur-Seine,Hauts-de-Seine,https://www.google.com/maps/search/atelier+floral+Neuilly-sur-Seine
Fleuristes,bouquet sur mesure,Neuilly-sur-Seine,Hauts-de-Seine,https://www.google.com/maps/search/bouquet+sur+mesure+Neuilly-sur-Seine
Hammam / Sauna / Piscine,hammam,Neuilly-sur-Seine,Hauts-de-Seine,https://www.google.com/maps/search/hammam+Neuilly-sur-Seine
Hammam / Sauna / Piscine,sauna,Neuilly-sur-Seine,Hauts-de-Seine,https://www.google.com/maps/search/sauna+Neuilly-sur-Seine
Hammam / Sauna / Piscine,piscine,Neuilly-sur-Seine,Hauts-de-Seine,https://www.google.com/maps/search/piscine+Neuilly-sur-Seine
Hammam / Sauna / Piscine,bains vapeur,Neuilly-sur-Seine,Hauts-de-Seine,https://www.google.com/maps/search/bains+vapeur+Neuilly-sur-Seine
Coiffeurs / Barbiers,salon de coiffure,Neuilly-sur-Seine,Hauts-de-Seine,https://www.google.com/maps/search/salon+de+coiffure+Neuilly-sur-Seine
Coiffeurs / Barbiers,coiffeur,Neuilly-sur-Seine,Hauts-de-Seine,https://www.google.com/maps/search/coiffeur+Neuilly-sur-Seine
Coiffeurs / Barbiers,barbier,Neuilly-sur-Seine,Hauts-de-Seine,https://www.google.com/maps/search/barbier+Neuilly-sur-Seine
Coiffeurs / Barbiers,barbershop,Neuilly-sur-Seine,Hauts-de-Seine,https://www.google.com/maps/search/barbershop+Neuilly-sur-Seine
Coiffeurs / Barbiers,coiffure homme,Neuilly-sur-Seine,Hauts-de-Seine,https://www.google.com/maps/search/coiffure+homme+Neuilly-sur-Seine
Instituts de beauté / Ongleries / Tatoueurs,institut de beauté,Neuilly-sur-Seine,Hauts-de-Seine,https://www.google.com/maps/search/institut+de+beauté+Neuilly-sur-Seine
Instituts de beauté / Ongleries / Tatoueurs,onglerie,Neuilly-sur-Seine,Hauts-de-Seine,https://www.google.com/maps/search/onglerie+Neuilly-sur-Seine
Instituts de beauté / Ongleries / Tatoueurs,salon de manucure,Neuilly-sur-Seine,Hauts-de-Seine,https://www.google.com/maps/search/salon+de+manucure+Neuilly-sur-Seine
Instituts de beauté / Ongleries / Tatoueurs,tatoueur,Neuilly-sur-Seine,Hauts-de-Seine,https://www.google.com/maps/search/tatoueur+Neuilly-sur-Seine
Instituts de beauté / Ongleries / Tatoueurs,piercing,Neuilly-sur-Seine,Hauts-de-Seine,https://www.google.com/maps/search/piercing+Neuilly-sur-Seine
Imprimeries / Reprographies,imprimerie,Neuilly-sur-Seine,Hauts-de-Seine,https://www.google.com/maps/search/imprimerie+Neuilly-sur-Seine
Imprimeries / Reprographies,reprographie,Neuilly-sur-Seine,Hauts-de-Seine,https://www.google.com/maps/search/reprographie+Neuilly-sur-Seine
Imprimeries / Reprographies,impression numérique,Neuilly-sur-Seine,Hauts-de-Seine,https://www.google.com/maps/search/impression+numérique+Neuilly-sur-Seine
Imprimeries / Reprographies,copy shop,Neuilly-sur-Seine,Hauts-de-Seine,https://www.google.com/maps/search/copy+shop+Neuilly-sur-Seine
Imprimeries / Reprographies,tirage photocopie,Neuilly-sur-Seine,Hauts-de-Seine,https://www.google.com/maps/search/tirage+photocopie+Neuilly-sur-Seine
Salles de sport / Fitness,salle de sport,Neuilly-sur-Seine,Hauts-de-Seine,https://www.google.com/maps/search/salle+de+sport+Neuilly-sur-Seine
Salles de sport / Fitness,fitness,Neuilly-sur-Seine,Hauts-de-Seine,https://www.google.com/maps/search/fitness+Neuilly-sur-Seine
Salles de sport / Fitness,gym,Neuilly-sur-Seine,Hauts-de-Seine,https://www.google.com/maps/search/gym+Neuilly-sur-Seine
Salles de sport / Fitness,musculation,Neuilly-sur-Seine,Hauts-de-Seine,https://www.google.com/maps/search/musculation+Neuilly-sur-Seine
Salles de sport / Fitness,crossfit,Neuilly-sur-Seine,Hauts-de-Seine,https://www.google.com/maps/search/crossfit+Neuilly-sur-Seine
Épiceries / Supérettes / Primeurs,épicerie,Neuilly-sur-Seine,Hauts-de-Seine,https://www.google.com/maps/search/épicerie+Neuilly-sur-Seine
Épiceries / Supérettes / Primeurs,supérette,Neuilly-sur-Seine,Hauts-de-Seine,https://www.google.com/maps/search/supérette+Neuilly-sur-Seine
Épiceries / Supérettes / Primeurs,alimentation générale,Neuilly-sur-Seine,Hauts-de-Seine,https://www.google.com/maps/search/alimentation+générale+Neuilly-sur-Seine
Épiceries / Supérettes / Primeurs,primeur,Neuilly-sur-Seine,Hauts-de-Seine,https://www.google.com/maps/search/primeur+Neuilly-sur-Seine
Épiceries / Supérettes / Primeurs,fruits et légumes,Neuilly-sur-Seine,Hauts-de-Seine,https://www.google.com/maps/search/fruits+et+légumes+Neuilly-sur-Seine
Animaleries / Boutiques pour animaux,animalerie,Neuilly-sur-Seine,Hauts-de-Seine,https://www.google.com/maps/search/animalerie+Neuilly-sur-Seine
Animaleries / Boutiques pour animaux,boutique pour animaux,Neuilly-sur-Seine,Hauts-de-Seine,https://www.google.com/maps/search/boutique+pour+animaux+Neuilly-sur-Seine
Animaleries / Boutiques pour animaux,magasin pour animaux,Neuilly-sur-Seine,Hauts-de-Seine,https://www.google.com/maps/search/magasin+pour+animaux+Neuilly-sur-Seine
Animaleries / Boutiques pour animaux,toilettage chien,Neuilly-sur-Seine,Hauts-de-Seine,https://www.google.com/maps/search/toilettage+chien+Neuilly-sur-Seine
Animaleries / Boutiques pour animaux,nourriture pour animaux,Neuilly-sur-Seine,Hauts-de-Seine,https://www.google.com/maps/search/nourriture+pour+animaux+Neuilly-sur-Seine
